brand,type,transmission,drivetype,fueltype,year,fueleconomy,kilometers,price,bodytype,doors,seats
Toyota,USED,Automatic,Front,Unleaded,2016,10.4,139637,31900,SUV, 4 Doors, 7 Seats
Toyota,USED,Manual,Front,Premium,2019,5.4,58185,33888,SUV, 4 Doors, 5 Seats
Toyota,USED,Automatic,AWD,Diesel,2013,6.5,292134,14995,SUV, 4 Doors, 5 Seats
Toyota,USED,Automatic,AWD,Premium,2018,5.6,110047,29990,SUV, 4 Doors, 5 Seats
Toyota,USED,Automatic,AWD,Unleaded,2016,10.6,98983,39280,SUV, 4 Doors, 7 Seats
Toyota,USED,Automatic,AWD,Unleaded,2015,8.5,155198,24950,SUV, 4 Doors, 5 Seats
Toyota,USED,Automatic,Front,Unleaded,2018,9.1,128601,36888,SUV, 4 Doors, 7 Seats
Mitsubishi,USED,Automatic,AWD,Unleaded,2021,7.2,51311,30888,SUV, 4 Doors, 5 Seats
Toyota,USED,Automatic,AWD,Premium,2018,5.6,67615,32980,SUV, 4 Doors, 5 Seats
Mitsubishi,USED,Automatic,Front,Unleaded,2019,7.6,43534,25990,SUV, 4 Doors, 5 Seats
Toyota,USED,Automatic,Front,Unleaded,2015,7.4,119342,21888,SUV, 4 Doors, 5 Seats
Toyota,USED,Automatic,AWD,Diesel,2013,6.5,165245,16995,SUV, 4 Doors, 5 Seats
Mitsubishi,USED,Automatic,Front,Unleaded,2017,7.4,89044,20995,SUV, 4 Doors, 5 Seats
Toyota,USED,Automatic,Front,Unleaded,2015,7.4,130569,23400,SUV, 4 Doors, 5 Seats
Mitsubishi,USED,Automatic,4WD,Diesel,2018,8,72640,41990,SUV, 4 Doors, 5 Seats
Mitsubishi,USED,Automatic,AWD,Diesel,2016,5.8,112908,25990,SUV, 4 Doors, 7 Seats
Toyota,USED,Automatic,AWD,Unleaded,2018,8.5,75113,38888,SUV, 4 Doors, 5 Seats
Mitsubishi,USED,Automatic,AWD,Diesel,2017,5.8,123952,27996,SUV, 4 Doors, 7 Seats
Toyota,USED,Automatic,Front,Unleaded,2017,7.4,138450,21995,SUV, 4 Doors, 5 Seats
Mitsubishi,USED,Automatic,Front,Unleaded,2016,6.6,265211,8990,SUV, 4 Doors, 5 Seats
Toyota,USED,Automatic,AWD,Unleaded,2021,7.5,28785,54800,SUV, 5 Doors, 5 Seats
Mitsubishi,USED,Automatic,Front,Unleaded,2018,7.3,23363,29999,SUV, 4 Doors, 5 Seats
Mitsubishi,USED,Automatic,Front,Unleaded,2018,7.6,68037,22999,SUV, 4 Doors, 5 Seats
Mitsubishi,USED,Automatic,Front,Unleaded,2013,6.6,169051,16990,SUV, 4 Doors, 5 Seats
Toyota,USED,Manual,4WD,Diesel,2019,10.7,58422,97880,SUV, 2 Doors, 5 Seats
Toyota,USED,Automatic,AWD,Unleaded,2018,8.5,54276,34990,SUV, 4 Doors, 5 Seats
Toyota,USED,Automatic,Front,Unleaded,2016,10.2,39653,36999,SUV, 4 Doors, 7 Seats
Toyota,USED,Automatic,Front,Hybrid,2019,4.7,189119,33480,SUV, 5 Doors, 5 Seats
Mitsubishi,USED,Automatic,Front,Unleaded,2021,7.6,42773,28888,SUV, 4 Doors, 5 Seats
Toyota,USED,Automatic,Front,Unleaded,2019,6.5,77123,37995,SUV, 5 Doors, 5 Seats
Toyota,USED,Automatic,4WD,Diesel,2021,7.9,34126,89880,SUV, 4 Doors, 7 Seats
Toyota,USED,Automatic,Front,Unleaded,2018,7,134158,24950,SUV, 4 Doors, 5 Seats
Toyota,USED,Automatic,4WD,Diesel,2022,7.9,11647,116837,SUV, 4 Doors, 7 Seats
Toyota,USED,Automatic,AWD,Unleaded,2017,8.5,118937,29999,SUV, 4 Doors, 5 Seats
Mitsubishi,USED,Automatic,Front,Unleaded,2021,7.6,48932,27990,SUV, 4 Doors, 5 Seats
Mitsubishi,USED,Automatic,Front,Unleaded,2015,6.6,94701,22776,SUV, 4 Doors, 5 Seats
Toyota,USED,Automatic,Front,Unleaded,2016,7.4,137479,25990,SUV, 4 Doors, 5 Seats
Mitsubishi,USED,Automatic,Front,Unleaded,2015,7.4,64280,20990,SUV, 4 Doors, 5 Seats
Mitsubishi,USED,Automatic,Front,Unleaded,2019,7.6,21955,24990,SUV, 4 Doors, 5 Seats
Mitsubishi,USED,Manual,Front,Unleaded,2015,7.6,65398,19990,SUV, 4 Doors, 5 Seats
Toyota,USED,Automatic,AWD,Hybrid,2021,4.8,28438,52990,SUV, 5 Doors, 5 Seats
Mitsubishi,USED,Automatic,AWD,Unleaded,2013,7.5,160511,16880,SUV, 4 Doors, 5 Seats
Mitsubishi,USED,Automatic,4WD,Diesel,2017,9,159367,39990,SUV, 4 Doors, 7 Seats
Mitsubishi,USED,Automatic,Front,Unleaded,2020,7.3,60411,28777,SUV, 4 Doors, 5 Seats
Mitsubishi,USED,Automatic,AWD,Unleaded,2022,8.1,7565,58480,SUV, 4 Doors, 7 Seats
Toyota,USED,Manual,AWD,Unleaded,2013,8.6,184608,19800,SUV, 4 Doors, 5 Seats
Toyota,USED,Automatic,Front,Unleaded,2015,10.2,103316,29990,SUV, 4 Doors, 7 Seats
Mitsubishi,USED,Automatic,Front,Unleaded,2017,6.8,63938,24950,SUV, 4 Doors, 7 Seats
Toyota,USED,Automatic,AWD,Unleaded,2017,8.5,114841,26990,SUV, 4 Doors, 5 Seats
Mitsubishi,USED,Automatic,Front,Unleaded,2021,7.6,27283,29990,SUV, 4 Doors, 5 Seats
Mitsubishi,USED,Manual,4WD,Diesel,2013,5.9,105511,15995,SUV, 4 Doors, 5 Seats
Mitsubishi,USED,Automatic,Front,Unleaded,2016,7.4,85277,20490,SUV, 4 Doors, 5 Seats
Toyota,USED,Automatic,Front,Unleaded,2020,6.5,31709,39888,SUV, 5 Doors, 5 Seats
Toyota,USED,Automatic,Front,Unleaded,2017,9.3,44221,46500,SUV, 4 Doors, 7 Seats
Toyota,USED,Automatic,AWD,Hybrid,2022,4.8,20933,53999,SUV, 5 Doors, 5 Seats
Toyota,USED,Automatic,Front,Unleaded,2021,6.5,17625,52888,SUV, 5 Doors, 5 Seats
Toyota,USED,Automatic,Front,Unleaded,2021,6.5,32823,47878,SUV, 5 Doors, 5 Seats
Mitsubishi,USED,Automatic,AWD,Hybrid,2017,1.9,60000,37888,SUV, 4 Doors, 5 Seats
Toyota,USED,Automatic,Front,Unleaded,2014,7.4,139245,21990,SUV, 4 Doors, 5 Seats
Mitsubishi,USED,Automatic,4WD,Diesel,2017,9,183080,33990,SUV, 4 Doors, 7 Seats
Mitsubishi,USED,Automatic,Front,Unleaded,2018,7.6,119205,23990,SUV, 4 Doors, 5 Seats
Toyota,USED,Automatic,Front,Hybrid,2020,4.7,56630,57888,SUV, 5 Doors, 5 Seats
Toyota,USED,Automatic,Front,Hybrid,2022,4.7,3592,59990,SUV, 5 Doors, 5 Seats
Toyota,USED,Automatic,Front,Unleaded,2018,9.1,94695,37990,SUV, 4 Doors, 7 Seats
Mitsubishi,USED,Automatic,Front,Unleaded,2018,7.6,36861,25990,SUV, 4 Doors, 5 Seats
Toyota,USED,Automatic,Front,Unleaded,2021,6.5,13014,43995,SUV, 5 Doors, 5 Seats
Mitsubishi,USED,Automatic,Front,Unleaded,2020,7.6,60344,25999,SUV, 4 Doors, 5 Seats
Toyota,USED,Automatic,Front,Unleaded,2019,9.1,62183,37900,SUV, 4 Doors, 7 Seats
Mitsubishi,USED,Automatic,Front,Unleaded,2020,7.6,94346,23887,SUV, 4 Doors, 5 Seats
Mitsubishi,USED,Automatic,4WD,Diesel,2013,5.8,166183,16990,SUV, 4 Doors, 5 Seats
Toyota,USED,Automatic,Front,Unleaded,2018,9.3,84326,46990,SUV, 4 Doors, 7 Seats
Mitsubishi,USED,Automatic,Front,Unleaded,2016,7.4,97354,20990,SUV, 4 Doors, 5 Seats
Toyota,USED,Automatic,AWD,Hybrid,2019,4.8,78854,43888,SUV, 5 Doors, 5 Seats
Mitsubishi,USED,Automatic,Front,Unleaded,2019,7.6,50765,26990,SUV, 4 Doors, 5 Seats
Mitsubishi,USED,Automatic,Front,Unleaded,2021,7.6,46652,26888,SUV, 4 Doors, 5 Seats
Toyota,USED,Automatic,4WD,Diesel,2021,7.9,48479,83887,SUV, 4 Doors, 7 Seats
Toyota,USED,Automatic,4WD,Diesel,2015,10.3,111568,99999,SUV, 4 Doors, 7 Seats
Toyota,USED,Automatic,Front,Premium,2019,6.4,59750,33900,SUV, 5 Doors, 5 Seats
Mitsubishi,USED,Automatic,Front,Unleaded,2020,7.2,92585,26990,SUV, 4 Doors, 7 Seats
Mitsubishi,USED,Automatic,Front,Unleaded,2020,7.3,39765,27290,SUV, 4 Doors, 5 Seats
Toyota,USED,Automatic,AWD,Hybrid,2022,4.8,10702,69999,SUV, 5 Doors, 5 Seats
Toyota,USED,Automatic,4WD,Diesel,2019,8,102054,59990,SUV, 4 Doors, 7 Seats
Toyota,USED,Automatic,AWD,Unleaded,2018,9.5,59872,49790,SUV, 4 Doors, 7 Seats
Toyota,USED,Automatic,Front,Unleaded,2015,10.2,108635,34995,SUV, 4 Doors, 7 Seats
Mitsubishi,USED,Automatic,Front,Unleaded,2020,7.6,59931,25290,SUV, 4 Doors, 5 Seats
Mitsubishi,USED,Automatic,Front,Unleaded,2019,7.6,102196,19999,SUV, 4 Doors, 5 Seats
Toyota,USED,Automatic,AWD,Hybrid,2021,5.6,31262,69990,SUV, 5 Doors, 7 Seats
Toyota,USED,Automatic,4WD,Diesel,2017,8,218851,42990,SUV, 4 Doors, 7 Seats
Mitsubishi,USED,Automatic,AWD,Diesel,2016,5.8,67710,28990,SUV, 4 Doors, 7 Seats
Toyota,USED,Automatic,Front,Unleaded,2021,5.4,22619,39888,SUV, 4 Doors, 5 Seats
Toyota,USED,Automatic,Front,Hybrid,2022,4.7,18838,63490,SUV, 5 Doors, 5 Seats
Toyota,USED,Automatic,Front,Hybrid,2021,4.7,23734,57990,SUV, 5 Doors, 5 Seats
Toyota,USED,Automatic,AWD,Hybrid,2020,4.8,61531,45888,SUV, 5 Doors, 5 Seats
Toyota,USED,Automatic,AWD,Diesel,2017,6.5,114206,33999,SUV, 4 Doors, 5 Seats
Toyota,USED,Automatic,Front,Unleaded,2017,7.4,140105,26990,SUV, 4 Doors, 5 Seats
Toyota,USED,Automatic,Front,Unleaded,2018,7.4,81804,31990,SUV, 4 Doors, 5 Seats
Toyota,USED,Automatic,Front,Hybrid,2021,4.7,26758,48990,SUV, 5 Doors, 5 Seats
Mitsubishi,USED,Automatic,AWD,Unleaded,2016,7.5,105012,21950,SUV, 4 Doors, 5 Seats
Toyota,USED,Automatic,AWD,Premium,2021,8.8,17910,56880,SUV, 5 Doors, 7 Seats
Toyota,USED,Automatic,Front,Hybrid,2020,3.8,55929,32990,SUV, 4 Doors, 5 Seats
Toyota,USED,Automatic,AWD,Diesel,2015,8.6,65605,44990,SUV, 4 Doors, 7 Seats
Toyota,USED,Automatic,Front,Unleaded,2019,7,70093,34800,SUV, 4 Doors, 5 Seats
Toyota,USED,Automatic,AWD,Hybrid,2022,5.6,46011,77777,SUV, 5 Doors, 7 Seats
Mitsubishi,USED,Automatic,4WD,Diesel,2018,8,73958,44990,SUV, 4 Doors, 7 Seats
Mitsubishi,USED,Automatic,Front,Unleaded,2013,6.6,141211,14984,SUV, 4 Doors, 5 Seats
Toyota,USED,Automatic,AWD,Premium,2017,5.6,64566,29999,SUV, 4 Doors, 5 Seats
Toyota,USED,Automatic,AWD,Hybrid,2019,4.8,42797,53888,SUV, 5 Doors, 5 Seats
Toyota,USED,Automatic,Front,Unleaded,2018,9.1,122793,37880,SUV, 4 Doors, 7 Seats
Toyota,USED,Automatic,4WD,Diesel,2017,8,103842,64888,SUV, 4 Doors, 7 Seats
Toyota,USED,Automatic,4WD,Diesel,2018,8,97540,72990,SUV, 4 Doors, 7 Seats
Mitsubishi,USED,Automatic,AWD,Unleaded,2014,7.5,124230,18888,SUV, 4 Doors, 7 Seats
Toyota,USED,Automatic,AWD,Hybrid,2021,5.6,11653,69995,SUV, 5 Doors, 7 Seats
Toyota,USED,Automatic,AWD,Hybrid,2021,4.8,4801,67999,SUV, 5 Doors, 5 Seats
Mitsubishi,USED,Automatic,4WD,Diesel,2015,7.4,86713,16800,SUV, 4 Doors, 5 Seats
Toyota,USED,Automatic,AWD,Hybrid,2022,4.8,7501,68777,SUV, 5 Doors, 5 Seats
Toyota,USED,Automatic,Front,Unleaded,2021,5.4,9660,41888,SUV, 4 Doors, 5 Seats
Toyota,USED,Automatic,4WD,Diesel,2019,9.5,57352,124990,SUV, 4 Doors, 7 Seats
Mitsubishi,USED,Automatic,4WD,Diesel,2014,9,140057,33888,SUV, 4 Doors, 7 Seats
Mitsubishi,USED,Automatic,Front,Unleaded,2018,6.8,81579,24900,SUV, 4 Doors, 7 Seats
Toyota,USED,Automatic,4WD,Diesel,2018,9.5,181769,95950,SUV, 4 Doors, 7 Seats
Toyota,USED,Automatic,Front,Hybrid,2020,4.7,57695,51490,SUV, 5 Doors, 5 Seats
Mitsubishi,USED,Automatic,4WD,Diesel,2015,9.8,158460,26990,SUV, 4 Doors, 5 Seats
Toyota,USED,Automatic,Front,Hybrid,2019,4.7,50290,56990,SUV, 5 Doors, 5 Seats
Mitsubishi,USED,Automatic,4WD,Diesel,2016,9,180163,30990,SUV, 4 Doors, 7 Seats
Mitsubishi,USED,Automatic,Front,Unleaded,2020,7.6,53429,26999,SUV, 4 Doors, 5 Seats
Toyota,USED,Manual,4WD,Diesel,2014,11.9,46097,89990,SUV, 2 Doors, 5 Seats
Mitsubishi,USED,Automatic,Front,Unleaded,2014,7.6,220912,12990,SUV, 4 Doors, 5 Seats
Toyota,USED,Automatic,Front,Hybrid,2022,3.8,15003,38990,SUV, 4 Doors, 5 Seats
Toyota,USED,Automatic,Front,Unleaded,2021,6,21609,49888,SUV, 5 Doors, 5 Seats
Mitsubishi,USED,Automatic,4WD,Diesel,2015,5.8,159086,17880,SUV, 4 Doors, 5 Seats
Mitsubishi,USED,Automatic,Front,Unleaded,2018,7.3,96582,25999,SUV, 4 Doors, 5 Seats
Toyota,USED,Automatic,AWD,Hybrid,2019,4.8,79828,48990,SUV, 5 Doors, 5 Seats
Mitsubishi,USED,Automatic,Front,Unleaded,2018,7.6,68580,24999,SUV, 4 Doors, 5 Seats
Toyota,USED,Automatic,Front,Unleaded,2020,6.5,124031,31999,SUV, 5 Doors, 5 Seats
Mitsubishi,USED,Automatic,Front,Unleaded,2013,7.9,126201,21880,SUV, 4 Doors, 5 Seats
Mitsubishi,USED,Automatic,AWD,Unleaded,2020,7.2,54667,28900,SUV, 4 Doors, 7 Seats
Toyota,USED,Automatic,Front,Hybrid,2022,4.7,6988,59888,SUV, 5 Doors, 5 Seats
Toyota,USED,Automatic,Front,Premium,2019,5.5,82259,30990,SUV, 4 Doors, 5 Seats
Mitsubishi,USED,Automatic,4WD,Diesel,2017,8,99473,42990,SUV, 4 Doors, 7 Seats
Mitsubishi,USED,Automatic,Front,Unleaded,2019,7.6,47694,26990,SUV, 4 Doors, 5 Seats
Toyota,USED,Automatic,AWD,Hybrid,2020,4.8,59864,45990,SUV, 5 Doors, 5 Seats
Toyota,USED,Automatic,Front,Unleaded,2022,6,9604,45990,SUV, 5 Doors, 5 Seats
Mitsubishi,USED,Automatic,AWD,Diesel,2013,5.8,179499,16950,SUV, 4 Doors, 7 Seats
Toyota,USED,Automatic,4WD,Diesel,2016,9.5,154422,82845,SUV, 4 Doors, 7 Seats
Mitsubishi,USED,Automatic,4WD,Diesel,2017,8,110971,39888,SUV, 4 Doors, 7 Seats
Toyota,USED,Automatic,Front,Unleaded,2013,7.4,252383,12990,SUV, 4 Doors, 5 Seats
Mitsubishi,USED,Automatic,4WD,Diesel,2018,9,126807,39990,SUV, 4 Doors, 7 Seats
Toyota,USED,Automatic,AWD,Unleaded,2018,8.5,132928,31888,SUV, 4 Doors, 5 Seats
Mitsubishi,USED,Automatic,4WD,Diesel,2015,9,276523,27995,SUV, 4 Doors, 7 Seats
Toyota,USED,Automatic,Front,Unleaded,2019,9.1,75535,39888,SUV, 4 Doors, 7 Seats
Toyota,USED,Manual,AWD,Diesel,2014,6.5,173129,19990,SUV, 4 Doors, 5 Seats
Toyota,USED,Automatic,Front,Premium,2017,6.4,41820,28990,SUV, 4 Doors, 5 Seats
Mitsubishi,USED,Automatic,4WD,Diesel,2018,9,101260,39900,SUV, 4 Doors, 7 Seats
Toyota,USED,Automatic,4WD,Diesel,2015,8,185077,46950,SUV, 4 Doors, 7 Seats
Mitsubishi,USED,Automatic,Front,Unleaded,2017,6.6,46245,27990,SUV, 4 Doors, 5 Seats
Toyota,USED,Automatic,Front,Unleaded,2016,7.4,122351,25990,SUV, 4 Doors, 5 Seats
Toyota,USED,Automatic,4WD,Diesel,2016,9.5,161744,89990,SUV, 4 Doors, 7 Seats
Toyota,USED,Automatic,4WD,Diesel,2015,8.5,323847,32990,SUV, 4 Doors, 7 Seats
Toyota,USED,Automatic,Front,Hybrid,2022,4.8,398,56888,SUV, 5 Doors, 5 Seats
Toyota,USED,Automatic,4WD,Diesel,2018,8,149158,49999,SUV, 4 Doors, 7 Seats
Toyota,USED,Automatic,AWD,Unleaded,2017,8.5,119289,29990,SUV, 4 Doors, 5 Seats
Mitsubishi,USED,Automatic,AWD,Hybrid,2017,1.9,38597,43990,SUV, 4 Doors, 5 Seats
Mitsubishi,USED,Automatic,Front,Unleaded,2016,7.4,108026,19990,SUV, 4 Doors, 5 Seats
Toyota,USED,Automatic,AWD,Hybrid,2022,4.8,23212,56990,SUV, 5 Doors, 5 Seats
Toyota,USED,Automatic,Front,Hybrid,2020,3.8,56859,32777,SUV, 4 Doors, 5 Seats
Mitsubishi,USED,Automatic,4WD,Diesel,2019,8,53477,39990,SUV, 4 Doors, 7 Seats
Mitsubishi,USED,Automatic,4WD,Diesel,2016,9,142136,32500,SUV, 4 Doors, 7 Seats
Toyota,USED,Automatic,AWD,Hybrid,2021,4.8,34221,64990,SUV, 5 Doors, 5 Seats
Toyota,USED,Automatic,AWD,Unleaded,2017,9.5,138667,37990,SUV, 4 Doors, 7 Seats
Mitsubishi,USED,Automatic,Front,Unleaded,2020,7.6,58132,24990,SUV, 4 Doors, 5 Seats
Toyota,USED,Automatic,Front,Unleaded,2018,9.1,49156,39990,SUV, 4 Doors, 7 Seats
Mitsubishi,USED,Automatic,AWD,Unleaded,2020,7.2,56495,28888,SUV, 4 Doors, 7 Seats
Mitsubishi,USED,Automatic,Front,Unleaded,2013,6.6,187716,15989,SUV, 4 Doors, 5 Seats
Toyota,USED,Automatic,AWD,Hybrid,2021,5.6,58455,59888,SUV, 5 Doors, 7 Seats
Toyota,USED,Automatic,AWD,Hybrid,2019,4.8,136608,44888,SUV, 5 Doors, 5 Seats
Mitsubishi,USED,Automatic,4WD,Diesel,2017,8,110720,35999,SUV, 4 Doors, 5 Seats
Toyota,USED,Automatic,4WD,Diesel,2019,8,27086,69995,SUV, 4 Doors, 7 Seats
Toyota,USED,Automatic,Front,Unleaded,2020,6.5,31055,40990,SUV, 5 Doors, 5 Seats
Toyota,USED,Automatic,4WD,Diesel,2017,9.5,250251,68950,SUV, 4 Doors, 7 Seats
Mitsubishi,USED,Automatic,Front,Unleaded,2020,7.3,33326,29990,SUV, 4 Doors, 5 Seats
Mitsubishi,USED,Automatic,AWD,Hybrid,2017,1.7,32228,42990,SUV, 4 Doors, 5 Seats
Toyota,USED,Automatic,Front,Premium,2017,5.5,104135,23980,SUV, 4 Doors, 5 Seats
Mitsubishi,USED,Automatic,AWD,Diesel,2017,6.2,128155,25990,SUV, 4 Doors, 7 Seats
Mitsubishi,USED,Automatic,AWD,Diesel,2018,6.2,101300,29980,SUV, 4 Doors, 7 Seats
Toyota,USED,Automatic,AWD,Hybrid,2021,5.6,51005,78888,SUV, 5 Doors, 7 Seats
Mitsubishi,USED,Automatic,Front,Unleaded,2016,7.4,103328,22888,SUV, 4 Doors, 5 Seats
Toyota,USED,Automatic,Front,Unleaded,2020,6.5,121923,35990,SUV, 5 Doors, 5 Seats
Toyota,USED,Automatic,Front,Unleaded,2017,7.4,128420,25990,SUV, 4 Doors, 5 Seats
Mitsubishi,USED,Automatic,Front,Unleaded,2019,6.8,105308,28790,SUV, 4 Doors, 7 Seats
Mitsubishi,USED,Automatic,Front,Unleaded,2019,7.6,60361,23911,SUV, 4 Doors, 5 Seats
Mitsubishi,USED,Automatic,Front,Unleaded,2019,7.6,51795,24990,SUV, 4 Doors, 5 Seats
Mitsubishi,USED,Automatic,Front,Unleaded,2020,7.2,49659,29975,SUV, 4 Doors, 7 Seats
Toyota,USED,Automatic,4WD,Diesel,2019,8,91658,63380,SUV, 4 Doors, 7 Seats
Toyota,USED,Automatic,Front,Hybrid,2022,4.7,52640,56988,SUV, 5 Doors, 5 Seats
Toyota,USED,Automatic,AWD,Unleaded,2015,8.5,128739,28990,SUV, 4 Doors, 5 Seats
Mitsubishi,USED,Automatic,Front,Unleaded,2013,6.6,106733,18990,SUV, 4 Doors, 5 Seats
Mitsubishi,USED,Automatic,4WD,Diesel,2015,8,275952,24990,SUV, 4 Doors, 5 Seats
Mitsubishi,USED,Automatic,4WD,Diesel,2013,9,218288,22999,SUV, 4 Doors, 7 Seats
Toyota,USED,Automatic,AWD,Unleaded,2018,9.5,50657,44990,SUV, 4 Doors, 7 Seats
Mitsubishi,USED,Automatic,Front,Unleaded,2020,7.6,48953,25990,SUV, 4 Doors, 5 Seats
Toyota,USED,Automatic,AWD,Hybrid,2022,4,6829,42999,SUV, 4 Doors, 5 Seats
Toyota,USED,Automatic,Front,Hybrid,2020,4.7,20763,57990,SUV, 5 Doors, 5 Seats
Mitsubishi,USED,Automatic,AWD,Unleaded,2021,8.1,20271,56990,SUV, 4 Doors, 7 Seats
Mitsubishi,USED,Automatic,Front,Unleaded,2020,7.9,86655,32490,SUV, 4 Doors, 5 Seats
Toyota,USED,Manual,4WD,Diesel,2021,10.7,14552,85990,SUV, 4 Doors, 5 Seats
Toyota,USED,Automatic,AWD,Hybrid,2022,5.6,5546,82990,SUV, 5 Doors, 7 Seats
Mitsubishi,USED,Automatic,Front,Unleaded,2019,7.6,63197,26888,SUV, 4 Doors, 5 Seats
Toyota,USED,Automatic,Front,Unleaded,2022,6,8492,39990,SUV, 5 Doors, 5 Seats
Mitsubishi,USED,Automatic,Front,Unleaded,2019,7.3,60972,28990,SUV, 4 Doors, 5 Seats
Toyota,USED,Automatic,AWD,Hybrid,2022,4.8,15564,63888,SUV, 5 Doors, 5 Seats
Mitsubishi,USED,Automatic,Front,Unleaded,2015,6.6,138682,19950,SUV, 4 Doors, 5 Seats
Mitsubishi,USED,Automatic,Front,Unleaded,2017,6.6,61512,25990,SUV, 4 Doors, 7 Seats
Toyota,USED,Automatic,4WD,Diesel,2020,9.5,33299,127992,SUV, 4 Doors, 8 Seats
Toyota,USED,Automatic,Front,Hybrid,2022,3.8,22714,38990,SUV, 4 Doors, 5 Seats
Toyota,USED,Automatic,4WD,Diesel,2016,9.5,344782,59990,SUV, 4 Doors, 7 Seats
Toyota,USED,Automatic,Front,Unleaded,2019,9.1,69550,49990,SUV, 4 Doors, 7 Seats
Toyota,USED,Automatic,Front,Unleaded,2019,9.1,64766,49990,SUV, 4 Doors, 7 Seats
Toyota,USED,Automatic,Front,Hybrid,2021,4.3,33672,46990,SUV, 4 Doors, 5 Seats
Toyota,USED,Automatic,AWD,Premium,2017,6.5,76211,29490,SUV, 4 Doors, 5 Seats
Toyota,USED,Automatic,Front,Unleaded,2015,7.4,104319,25990,SUV, 4 Doors, 5 Seats
Toyota,USED,Automatic,Front,Hybrid,2019,4.7,54950,42990,SUV, 5 Doors, 5 Seats
Mitsubishi,USED,Manual,Front,Unleaded,2013,7.7,37398,19990,SUV, 4 Doors, 5 Seats
Toyota,USED,Automatic,Front,Premium,2019,5.5,57413,27990,SUV, 4 Doors, 5 Seats
Toyota,USED,Automatic,Front,Premium,2017,6.4,75482,25990,SUV, 4 Doors, 5 Seats
Toyota,USED,Automatic,AWD,Hybrid,2020,4.8,42998,53888,SUV, 5 Doors, 5 Seats
Toyota,USED,Automatic,Front,Premium,2018,5.5,66948,29888,SUV, 4 Doors, 5 Seats
Mitsubishi,USED,Automatic,4WD,Diesel,2014,5.8,166149,15888,SUV, 4 Doors, 5 Seats
Mitsubishi,USED,Automatic,AWD,Diesel,2016,5.8,138086,29995,SUV, 4 Doors, 7 Seats
Mitsubishi,USED,Automatic,Front,Unleaded,2019,7.6,74932,24950,SUV, 4 Doors, 5 Seats
Mitsubishi,USED,Automatic,Front,Unleaded,2021,7.2,44568,29990,SUV, 4 Doors, 7 Seats
Toyota,USED,Automatic,Front,Hybrid,2021,4.3,34779,46990,SUV, 4 Doors, 5 Seats
Mitsubishi,USED,Automatic,Front,Unleaded,2021,7.6,44645,28990,SUV, 4 Doors, 5 Seats
Toyota,USED,Automatic,4WD,Diesel,2020,8,125247,69990,SUV, 4 Doors, 7 Seats
Toyota,USED,Automatic,Front,Unleaded,2020,5.4,28947,33490,SUV, 4 Doors, 5 Seats
Mitsubishi,USED,Automatic,Front,Unleaded,2021,7.2,47097,29990,SUV, 4 Doors, 7 Seats
Toyota,USED,Automatic,AWD,Hybrid,2021,5.6,48832,64990,SUV, 5 Doors, 7 Seats
Toyota,USED,Automatic,Front,Unleaded,2020,6.5,66795,45990,SUV, 5 Doors, 5 Seats
Toyota,USED,Automatic,AWD,Hybrid,2019,4.8,66228,44990,SUV, 5 Doors, 5 Seats
Toyota,USED,Automatic,AWD,Unleaded,2017,8.5,134809,25990,SUV, 4 Doors, 5 Seats
Mitsubishi,USED,Automatic,Front,Unleaded,2020,7.3,59996,29990,SUV, 4 Doors, 5 Seats
Mitsubishi,USED,Automatic,Front,Unleaded,2019,7.2,51446,31990,SUV, 4 Doors, 7 Seats
Toyota,USED,Automatic,Front,Unleaded,2019,6.5,45718,40888,SUV, 5 Doors, 5 Seats
Toyota,USED,Automatic,AWD,Hybrid,2021,4.8,26922,64990,SUV, 5 Doors, 5 Seats
Mitsubishi,USED,Automatic,Front,Unleaded,2018,7.6,78472,23590,SUV, 4 Doors, 5 Seats
Toyota,USED,Automatic,AWD,Hybrid,2022,4.8,16180,64490,SUV, 5 Doors, 5 Seats
Toyota,USED,Automatic,AWD,Diesel,2018,6.5,93914,30990,SUV, 4 Doors, 5 Seats
Toyota,USED,Automatic,Front,Unleaded,2018,9.1,79734,42990,SUV, 4 Doors, 7 Seats
Toyota,USED,Automatic,AWD,Hybrid,2021,5.6,62178,64490,SUV, 5 Doors, 7 Seats
Toyota,USED,Automatic,Front,Unleaded,2019,6.5,57902,39999,SUV, 5 Doors, 5 Seats
Toyota,USED,Automatic,AWD,Unleaded,2018,8.5,125307,29800,SUV, 4 Doors, 5 Seats
Toyota,USED,Automatic,4WD,Diesel,2019,9.5,104589,103990,SUV, 4 Doors, 7 Seats
Toyota,USED,Automatic,4WD,Diesel,2013,10.3,184560,64850,SUV, 4 Doors, 8 Seats
Toyota,USED,Automatic,4WD,Diesel,2019,8,75001,72990,SUV, 4 Doors, 7 Seats
Toyota,USED,Automatic,4WD,Diesel,2013,8.5,251094,41990,SUV, 4 Doors, 7 Seats
Mitsubishi,USED,Automatic,4WD,Diesel,2016,8,164351,31800,SUV, 4 Doors, 5 Seats
Toyota,USED,Automatic,Front,Unleaded,2013,11,273860,16990,SUV, 4 Doors, 7 Seats
Mitsubishi,USED,Automatic,Front,Unleaded,2021,7.6,66663,24888,SUV, 4 Doors, 5 Seats
Mitsubishi,USED,Automatic,4WD,Diesel,2014,9,120521,37986,SUV, 4 Doors, 7 Seats
Toyota,USED,Automatic,4WD,Diesel,2014,8.5,135012,44999,SUV, 4 Doors, 7 Seats
Mitsubishi,USED,Automatic,Front,Unleaded,2020,7.9,60529,34990,SUV, 4 Doors, 5 Seats
Toyota,USED,Automatic,AWD,Unleaded,2013,8.5,275281,14983,SUV, 4 Doors, 5 Seats
Toyota,USED,Automatic,Front,Premium,2020,6.4,21125,32990,SUV, 4 Doors, 5 Seats
Mitsubishi,USED,Automatic,AWD,Unleaded,2020,7.2,43672,29990,SUV, 4 Doors, 7 Seats
Toyota,USED,Automatic,AWD,Unleaded,2013,8.5,205094,16913,SUV, 4 Doors, 5 Seats
Toyota,USED,Automatic,4WD,Diesel,2021,7.9,42994,78990,SUV, 4 Doors, 7 Seats
Mitsubishi,USED,Automatic,4WD,Diesel,2020,8,57775,50990,SUV, 4 Doors, 7 Seats
Mitsubishi,USED,Manual,Front,Unleaded,2013,7.7,145560,13990,SUV, 4 Doors, 5 Seats
Mitsubishi,USED,Automatic,Front,Unleaded,2017,7.4,72301,23990,SUV, 4 Doors, 5 Seats
Toyota,USED,Automatic,AWD,Hybrid,2021,4.8,38011,61990,SUV, 5 Doors, 5 Seats
Mitsubishi,USED,Automatic,Front,Unleaded,2018,7.6,100692,21999,SUV, 4 Doors, 5 Seats
Toyota,USED,Automatic,4WD,Diesel,2020,8,101433,57975,SUV, 4 Doors, 7 Seats
Mitsubishi,USED,Automatic,Front,Unleaded,2021,7.2,60586,29290,SUV, 4 Doors, 7 Seats
Toyota,USED,Automatic,Front,Premium,2022,6.4,92,38990,SUV, 4 Doors, 5 Seats
Toyota,USED,Automatic,Front,Hybrid,2020,4.7,55401,44986,SUV, 5 Doors, 5 Seats
Mitsubishi,USED,Automatic,Front,Unleaded,2021,7.7,41041,39490,SUV, 4 Doors, 7 Seats
Mitsubishi,USED,Automatic,Front,Unleaded,2020,7.6,44000,26490,SUV, 4 Doors, 5 Seats
Toyota,USED,Automatic,AWD,Premium,2022,6.5,10865,38990,SUV, 4 Doors, 5 Seats
Toyota,USED,Automatic,Front,Unleaded,2017,9.1,145119,32990,SUV, 4 Doors, 7 Seats
Mitsubishi,USED,Automatic,Front,Unleaded,2014,7.4,69369,21990,SUV, 4 Doors, 5 Seats
Mitsubishi,USED,Automatic,Front,Unleaded,2021,7.7,46741,38990,SUV, 4 Doors, 7 Seats
Toyota,USED,Automatic,AWD,Premium,2021,6.5,24878,40990,SUV, 4 Doors, 5 Seats
Toyota,USED,Automatic,4WD,Unleaded,2013,11.6,125274,23513,SUV, 4 Doors, 7 Seats
Toyota,USED,Automatic,Front,Unleaded,2020,6.5,35525,41999,SUV, 5 Doors, 5 Seats
Toyota,USED,Automatic,4WD,Premium,2016,11.4,94900,52790,SUV, 4 Doors, 5 Seats
Toyota,USED,Automatic,Front,Premium,2018,5.5,112348,27990,SUV, 4 Doors, 5 Seats
Toyota,USED,Automatic,AWD,Hybrid,2021,4.8,68606,53760,SUV, 5 Doors, 5 Seats
Mitsubishi,USED,Automatic,4WD,Diesel,2017,6,151963,22990,SUV, 4 Doors, 5 Seats
Toyota,USED,Automatic,4WD,Diesel,2019,8,110717,49950,SUV, 4 Doors, 5 Seats
Toyota,USED,Automatic,4WD,Premium,2013,11.4,115630,52990,SUV, 4 Doors, 5 Seats
Toyota,USED,Automatic,4WD,Diesel,2019,8,32250,76990,SUV, 4 Doors, 7 Seats
Toyota,USED,Automatic,AWD,Unleaded,2016,8.5,100488,20999,SUV, 4 Doors, 5 Seats
Mitsubishi,USED,Automatic,Front,Unleaded,2020,7.2,50383,31990,SUV, 4 Doors, 7 Seats
Toyota,USED,Automatic,Front,Hybrid,2022,4.7,12835,56990,SUV, 5 Doors, 5 Seats
Toyota,USED,Automatic,4WD,Diesel,2020,9.5,128090,102990,SUV, 4 Doors, 7 Seats
Toyota,USED,Automatic,Front,Unleaded,2018,7.4,129320,27986,SUV, 4 Doors, 5 Seats
Toyota,USED,Automatic,Front,Unleaded,2015,10.4,62800,34999,SUV, 4 Doors, 7 Seats
Toyota,USED,Automatic,AWD,Unleaded,2017,10.6,238416,24800,SUV, 4 Doors, 7 Seats
Toyota,USED,Automatic,AWD,Premium,2019,5.6,76683,36990,SUV, 4 Doors, 5 Seats
Mitsubishi,USED,Automatic,Front,Unleaded,2020,7.2,43642,30990,SUV, 4 Doors, 7 Seats
Toyota,USED,Automatic,AWD,Premium,2022,6.5,7395,44990,SUV, 4 Doors, 5 Seats
Mitsubishi,USED,Automatic,4WD,Diesel,2021,8,43811,47990,SUV, 4 Doors, 5 Seats
Mitsubishi,USED,Automatic,Front,Unleaded,2020,7.6,50572,29888,SUV, 4 Doors, 5 Seats
Mitsubishi,USED,Automatic,Front,Unleaded,2018,7.3,83838,31990,SUV, 4 Doors, 5 Seats
Mitsubishi,USED,Automatic,Front,Unleaded,2020,7.6,64002,31990,SUV, 4 Doors, 5 Seats
Toyota,USED,Automatic,4WD,Diesel,2020,8,56332,87990,SUV, 4 Doors, 7 Seats
Mitsubishi,USED,Automatic,Front,Unleaded,2018,7.6,92581,22990,SUV, 4 Doors, 5 Seats
Toyota,USED,Automatic,4WD,Diesel,2019,8,65623,65995,SUV, 4 Doors, 7 Seats
Toyota,USED,Automatic,Front,Hybrid,2020,4.7,15250,53885,SUV, 5 Doors, 5 Seats
Mitsubishi,USED,Automatic,Front,Unleaded,2021,7.6,63960,26888,SUV, 4 Doors, 5 Seats
Toyota,USED,Automatic,4WD,Diesel,2019,8,40418,79490,SUV, 4 Doors, 7 Seats
Toyota,USED,Automatic,Front,Premium,2017,6.4,176046,19800,SUV, 4 Doors, 5 Seats
Toyota,USED,Automatic,AWD,Hybrid,2022,4.8,53960,49990,SUV, 5 Doors, 5 Seats
Toyota,USED,Automatic,4WD,Diesel,2020,7.9,72096,61900,SUV, 4 Doors, 7 Seats
Toyota,USED,Automatic,Front,Unleaded,2013,7.4,123189,19000,SUV, 4 Doors, 5 Seats
Toyota,USED,Automatic,4WD,Diesel,2019,9.5,68604,114999,SUV, 4 Doors, 7 Seats
Toyota,USED,Automatic,AWD,Hybrid,2021,4.8,27101,68990,SUV, 5 Doors, 5 Seats
Toyota,USED,Automatic,Front,Unleaded,2015,10.4,129570,26854,SUV, 4 Doors, 7 Seats
Mitsubishi,USED,Automatic,Front,Unleaded,2021,7.2,54096,28990,SUV, 4 Doors, 7 Seats
Mitsubishi,USED,Automatic,4WD,Diesel,2019,8,50213,56490,SUV, 4 Doors, 7 Seats
Mitsubishi,USED,Automatic,Front,Unleaded,2014,6.6,66201,18990,SUV, 4 Doors, 5 Seats
Toyota,USED,Automatic,4WD,Diesel,2013,10.3,161365,74990,SUV, 4 Doors, 7 Seats
Toyota,USED,Automatic,Front,Unleaded,2022,5.4,16766,36490,SUV, 4 Doors, 5 Seats
Toyota,USED,Automatic,4WD,Diesel,2018,8,108660,76910,SUV, 4 Doors, 7 Seats
Toyota,USED,Automatic,Front,Unleaded,2018,9.1,95982,32990,SUV, 4 Doors, 7 Seats
Toyota,USED,Automatic,AWD,Hybrid,2020,4.8,104372,45888,SUV, 5 Doors, 5 Seats
Toyota,USED,Automatic,4WD,Diesel,2020,9.5,43667,118888,SUV, 4 Doors, 8 Seats
Mitsubishi,USED,Automatic,AWD,Unleaded,2020,7.2,61713,28670,SUV, 4 Doors, 7 Seats
Mitsubishi,USED,Automatic,AWD,Unleaded,2019,7.2,69503,29999,SUV, 4 Doors, 7 Seats
Toyota,USED,Automatic,AWD,Unleaded,2019,9.5,49094,49930,SUV, 4 Doors, 7 Seats
Mitsubishi,USED,Automatic,4WD,Diesel,2015,9,182848,27913,SUV, 4 Doors, 7 Seats
Toyota,USED,Automatic,AWD,Unleaded,2017,9.5,169310,29882,SUV, 4 Doors, 7 Seats
Mitsubishi,USED,Automatic,4WD,Diesel,2018,8,116072,41830,SUV, 4 Doors, 7 Seats
Toyota,USED,Automatic,Front,Hybrid,2021,4.7,60011,42990,SUV, 5 Doors, 5 Seats
Toyota,USED,Automatic,Front,Unleaded,2014,10.2,98626,27990,SUV, 4 Doors, 7 Seats
Toyota,USED,Automatic,4WD,Diesel,2013,8.5,354028,29800,SUV, 4 Doors, 7 Seats
Toyota,USED,Automatic,Front,Hybrid,2019,4.7,83910,43990,SUV, 5 Doors, 5 Seats
Mitsubishi,USED,Automatic,Front,Unleaded,2021,7.6,45500,26488,SUV, 4 Doors, 5 Seats
Toyota,USED,Automatic,4WD,Diesel,2015,8.5,210140,46990,SUV, 4 Doors, 7 Seats
Toyota,USED,Automatic,AWD,Hybrid,2020,4.8,40800,57690,SUV, 5 Doors, 5 Seats
Mitsubishi,USED,Automatic,Front,Unleaded,2021,7.6,44104,24670,SUV, 4 Doors, 5 Seats
Mitsubishi,USED,Automatic,AWD,Unleaded,2017,7.2,91907,24555,SUV, 4 Doors, 5 Seats
Toyota,USED,Automatic,4WD,Diesel,2020,9.5,96154,99888,SUV, 4 Doors, 5 Seats
Mitsubishi,USED,Automatic,4WD,Diesel,2014,5.8,111629,19990,SUV, 4 Doors, 5 Seats
Toyota,USED,Automatic,Front,Unleaded,2013,7.4,197500,19990,SUV, 4 Doors, 5 Seats
Mitsubishi,USED,Automatic,Front,Unleaded,2021,7.2,35274,39990,SUV, 4 Doors, 7 Seats
Mitsubishi,USED,Automatic,Front,Unleaded,2016,7.4,134978,19830,SUV, 4 Doors, 5 Seats
Mitsubishi,USED,Automatic,Front,Unleaded,2021,7.7,23782,40490,SUV, 4 Doors, 7 Seats
Mitsubishi,USED,Automatic,AWD,Unleaded,2021,7.2,52000,31980,SUV, 4 Doors, 7 Seats
Mitsubishi,USED,Automatic,Front,Unleaded,2019,7.6,68137,25990,SUV, 4 Doors, 5 Seats
Toyota,USED,Automatic,Front,Hybrid,2022,4.7,8635,64990,SUV, 5 Doors, 5 Seats
Mitsubishi,USED,Automatic,Front,Unleaded,2021,7.6,64052,26980,SUV, 4 Doors, 5 Seats
Toyota,USED,Automatic,Front,Hybrid,2020,4.7,101644,46980,SUV, 5 Doors, 5 Seats
Mitsubishi,USED,Automatic,Front,Unleaded,2019,6.8,97145,24100,SUV, 4 Doors, 7 Seats
Toyota,USED,Automatic,AWD,Unleaded,2018,8.5,93926,34888,SUV, 4 Doors, 5 Seats
Toyota,USED,Automatic,AWD,Hybrid,2021,5.6,14957,65888,SUV, 5 Doors, 7 Seats
Toyota,USED,Automatic,4WD,Unleaded,2013,11.6,103705,30980,SUV, 4 Doors, 7 Seats
Mitsubishi,USED,Automatic,Front,Unleaded,2019,6.8,56941,29888,SUV, 4 Doors, 7 Seats
Mitsubishi,USED,Automatic,Front,Unleaded,2015,6.6,107689,22490,SUV, 4 Doors, 5 Seats
Mitsubishi,USED,Automatic,Front,Unleaded,2021,7.3,40042,29980,SUV, 4 Doors, 5 Seats
Mitsubishi,USED,Automatic,4WD,Diesel,2016,8,229776,26990,SUV, 4 Doors, 5 Seats
Mitsubishi,USED,Automatic,Front,Unleaded,2021,7.2,44212,29990,SUV, 4 Doors, 7 Seats
Mitsubishi,USED,Automatic,Front,Unleaded,2021,7.2,44001,29888,SUV, 4 Doors, 7 Seats
Toyota,USED,Automatic,4WD,Diesel,2021,7.6,26129,67555,SUV, 4 Doors, 7 Seats
Toyota,USED,Automatic,Front,Premium,2019,5.5,124167,28980,SUV, 4 Doors, 5 Seats
Toyota,USED,Automatic,AWD,Unleaded,2017,8.5,123968,24800,SUV, 4 Doors, 5 Seats
Mitsubishi,USED,Automatic,Front,Unleaded,2018,6.8,86980,26830,SUV, 4 Doors, 7 Seats
Toyota,USED,Automatic,Front,Premium,2017,5.5,83914,28490,SUV, 4 Doors, 5 Seats
Toyota,USED,Automatic,Front,Hybrid,2022,3.8,81,46990,SUV, 4 Doors, 5 Seats
Toyota,USED,Automatic,AWD,Unleaded,2021,7.5,23206,57990,SUV, 5 Doors, 5 Seats
Toyota,USED,Manual,4WD,Diesel,2014,11.9,189999,61900,SUV, 4 Doors, 5 Seats
Toyota,USED,Automatic,AWD,Hybrid,2020,4.8,55930,49990,SUV, 5 Doors, 5 Seats
Mitsubishi,USED,Automatic,4WD,Diesel,2018,6,77677,24990,SUV, 4 Doors, 5 Seats
Toyota,USED,Automatic,4WD,Diesel,2020,8,57116,64990,SUV, 4 Doors, 7 Seats
Toyota,USED,Automatic,Front,Premium,2018,5.5,76313,28990,SUV, 4 Doors, 5 Seats
Toyota,USED,Automatic,4WD,Diesel,2017,9.5,172550,76800,SUV, 4 Doors, 7 Seats
Mitsubishi,USED,Automatic,Front,Unleaded,2015,7.4,129676,18990,SUV, 4 Doors, 5 Seats
Toyota,USED,Automatic,4WD,Diesel,2018,8,66349,65990,SUV, 4 Doors, 7 Seats
Toyota,USED,Automatic,4WD,Diesel,2017,9.5,193974,83990,SUV, 4 Doors, 7 Seats
Toyota,USED,Automatic,AWD,Unleaded,2018,9.5,77382,49880,SUV, 4 Doors, 7 Seats
Mitsubishi,USED,Automatic,Front,Unleaded,2021,7.2,22583,38990,SUV, 4 Doors, 5 Seats
Toyota,USED,Automatic,4WD,Diesel,2013,8.5,125640,43920,SUV, 4 Doors, 7 Seats
Toyota,USED,Automatic,4WD,Diesel,2013,8.5,206734,39990,SUV, 4 Doors, 7 Seats
Mitsubishi,USED,Automatic,4WD,Diesel,2015,8,64967,36990,SUV, 4 Doors, 5 Seats
Toyota,USED,Automatic,AWD,Unleaded,2017,8.5,76410,35990,SUV, 4 Doors, 5 Seats
Toyota,USED,Automatic,Front,Premium,2018,5.5,63108,28999,SUV, 4 Doors, 5 Seats
Toyota,USED,Automatic,Front,Premium,2020,6.4,21701,38750,SUV, 5 Doors, 5 Seats
Toyota,USED,Automatic,Front,Unleaded,2016,7.4,177710,23999,SUV, 4 Doors, 5 Seats
Mitsubishi,USED,Automatic,4WD,Diesel,2014,9,282674,25999,SUV, 4 Doors, 5 Seats
Toyota,USED,Automatic,Front,Premium,2018,5.5,85422,28950,SUV, 4 Doors, 5 Seats
Toyota,USED,Automatic,Front,Unleaded,2016,7.4,60515,28990,SUV, 4 Doors, 5 Seats
Mitsubishi,USED,Automatic,AWD,Unleaded,2020,7.2,49191,31771,SUV, 4 Doors, 7 Seats
Toyota,USED,Automatic,Front,Premium,2018,5.5,62428,29990,SUV, 4 Doors, 5 Seats
Mitsubishi,USED,Automatic,AWD,Unleaded,2021,7.2,59487,33888,SUV, 4 Doors, 7 Seats
Mitsubishi,USED,Automatic,Front,Unleaded,2020,7.6,59466,25980,SUV, 4 Doors, 5 Seats
Toyota,USED,Automatic,4WD,Diesel,2018,9.5,123414,92990,SUV, 4 Doors, 7 Seats
Toyota,USED,Automatic,Front,Unleaded,2019,6.5,67327,36990,SUV, 5 Doors, 5 Seats
Mitsubishi,USED,Automatic,Front,Unleaded,2021,7.6,40663,28995,SUV, 4 Doors, 5 Seats
Mitsubishi,USED,Automatic,Front,Unleaded,2021,7.6,43898,27990,SUV, 4 Doors, 5 Seats
Toyota,USED,Automatic,4WD,Diesel,2017,8,50267,68990,SUV, 4 Doors, 7 Seats
Toyota,USED,Automatic,Front,Unleaded,2016,10.2,137000,32999,SUV, 4 Doors, 7 Seats
Toyota,USED,Automatic,Front,Premium,2018,5.5,49919,32950,SUV, 4 Doors, 5 Seats
Toyota,USED,Automatic,Front,Premium,2018,5.5,87616,25980,SUV, 4 Doors, 5 Seats
Toyota,USED,Automatic,Front,Unleaded,2019,6.5,145518,33999,SUV, 5 Doors, 5 Seats
Toyota,USED,Automatic,Front,Premium,2018,5.5,77821,29250,SUV, 4 Doors, 5 Seats
Mitsubishi,USED,Automatic,4WD,Diesel,2016,9,165240,32490,SUV, 4 Doors, 7 Seats
Toyota,USED,Automatic,4WD,Diesel,2021,7.9,26441,73999,SUV, 4 Doors, 7 Seats
Toyota,USED,Automatic,4WD,Diesel,2022,7.9,13578,92990,SUV, 4 Doors, 7 Seats
Mitsubishi,USED,Automatic,4WD,Diesel,2021,9.1,24782,54990,SUV, 4 Doors, 7 Seats
Toyota,USED,Automatic,4WD,Diesel,2013,8.5,144196,37800,SUV, 4 Doors, 7 Seats
Toyota,USED,Automatic,Front,Unleaded,2018,7,169500,23900,SUV, 4 Doors, 5 Seats
Toyota,USED,Automatic,Front,Unleaded,2018,7.4,108183,30888,SUV, 4 Doors, 5 Seats
Mitsubishi,USED,Automatic,AWD,Unleaded,2013,7.5,170580,17990,SUV, 4 Doors, 7 Seats
Toyota,USED,Automatic,AWD,Unleaded,2018,9.5,96384,52090,SUV, 4 Doors, 7 Seats
Toyota,USED,Manual,4WD,Diesel,2016,11.9,113127,79530,SUV, 2 Doors, 5 Seats
Mitsubishi,USED,Automatic,4WD,Diesel,2015,9,72316,47970,SUV, 4 Doors, 7 Seats
Mitsubishi,USED,Automatic,AWD,Unleaded,2019,7.2,82213,30900,SUV, 4 Doors, 7 Seats
Toyota,USED,Automatic,AWD,Hybrid,2021,5.6,53095,64990,SUV, 5 Doors, 7 Seats
Toyota,USED,Automatic,AWD,Unleaded,2017,9.5,119550,34990,SUV, 4 Doors, 7 Seats
Mitsubishi,USED,Automatic,Front,Unleaded,2018,7.6,86752,24905,SUV, 4 Doors, 5 Seats
Toyota,USED,Automatic,Front,Hybrid,2022,4.7,124,54950,SUV, 5 Doors, 5 Seats
Mitsubishi,USED,Automatic,AWD,Unleaded,2019,7.7,106148,24999,SUV, 4 Doors, 5 Seats
Toyota,USED,Automatic,4WD,Diesel,2019,9.5,86396,123888,SUV, 4 Doors, 7 Seats
Mitsubishi,USED,Automatic,Front,Unleaded,2017,6.8,54239,26990,SUV, 4 Doors, 7 Seats
Toyota,USED,Automatic,AWD,Hybrid,2021,4.8,79764,55990,SUV, 5 Doors, 5 Seats
Toyota,USED,Automatic,Front,Unleaded,2022,6,21557,44980,SUV, 5 Doors, 5 Seats
Toyota,USED,Automatic,Front,Hybrid,2021,3.8,16622,38450,SUV, 4 Doors, 5 Seats
Toyota,USED,Automatic,AWD,Unleaded,2019,9.5,32493,55999,SUV, 4 Doors, 7 Seats
Mitsubishi,USED,Automatic,Front,Unleaded,2019,7.3,63501,28990,SUV, 4 Doors, 5 Seats
Toyota,USED,Automatic,AWD,Unleaded,2019,9.5,68550,51990,SUV, 4 Doors, 7 Seats
Toyota,USED,Automatic,AWD,Diesel,2015,8.6,109149,38990,SUV, 4 Doors, 7 Seats
Toyota,USED,Automatic,Front,Premium,2019,5.5,30595,34990,SUV, 4 Doors, 5 Seats
Toyota,USED,Automatic,AWD,Unleaded,2016,8.5,114912,26995,SUV, 4 Doors, 5 Seats
Mitsubishi,USED,Automatic,4WD,Diesel,2018,8,79513,41750,SUV, 4 Doors, 7 Seats
Toyota,USED,Automatic,4WD,Diesel,2021,7.9,107712,62990,SUV, 4 Doors, 7 Seats
Toyota,USED,Automatic,Front,Unleaded,2015,10.2,77450,33990,SUV, 4 Doors, 7 Seats
Mitsubishi,USED,Automatic,Front,Unleaded,2017,6.8,141751,23999,SUV, 4 Doors, 7 Seats
Toyota,USED,Automatic,Front,Unleaded,2015,10.2,86329,31980,SUV, 4 Doors, 7 Seats
Toyota,USED,Automatic,4WD,Diesel,2015,10.3,143820,72800,SUV, 4 Doors, 8 Seats
Mitsubishi,USED,Automatic,AWD,Diesel,2015,5.8,131672,24990,SUV, 4 Doors, 7 Seats
Toyota,USED,Automatic,4WD,Diesel,2015,10.3,204223,79990,SUV, 4 Doors, 7 Seats
Toyota,USED,Automatic,Front,Hybrid,2020,4.7,31981,54888,SUV, 5 Doors, 5 Seats
Toyota,USED,Automatic,AWD,Premium,2017,6.5,54978,33990,SUV, 4 Doors, 5 Seats
Toyota,USED,Automatic,AWD,Hybrid,2021,5.6,31364,62980,SUV, 5 Doors, 7 Seats
Mitsubishi,USED,Automatic,AWD,Unleaded,2021,7.2,46168,34990,SUV, 4 Doors, 7 Seats
Toyota,USED,Automatic,AWD,Unleaded,2019,9.5,11785,56888,SUV, 4 Doors, 7 Seats
Toyota,USED,Manual,4WD,Diesel,2019,10.7,109812,84777,SUV, 2 Doors, 5 Seats
Mitsubishi,USED,Automatic,Front,Unleaded,2019,6.8,88238,28990,SUV, 4 Doors, 7 Seats
Toyota,USED,Automatic,Front,Premium,2020,6.4,29450,41880,SUV, 4 Doors, 5 Seats
Toyota,USED,Automatic,Front,Hybrid,2021,4.7,54356,48990,SUV, 5 Doors, 5 Seats
Toyota,USED,Automatic,AWD,Unleaded,2013,8.5,169759,20888,SUV, 4 Doors, 5 Seats
Toyota,USED,Automatic,Front,Premium,2018,5.5,123803,26910,SUV, 4 Doors, 5 Seats
Toyota,USED,Automatic,Front,Unleaded,2015,10.2,202855,21990,SUV, 4 Doors, 7 Seats
Mitsubishi,USED,Automatic,Front,Unleaded,2019,7.3,47350,30990,SUV, 4 Doors, 5 Seats
Mitsubishi,USED,Automatic,AWD,Unleaded,2018,7.2,88687,27930,SUV, 4 Doors, 7 Seats
Mitsubishi,USED,Automatic,4WD,Diesel,2015,8,114151,35990,SUV, 4 Doors, 5 Seats
Toyota,USED,Automatic,Front,Unleaded,2015,10.2,91885,34999,SUV, 4 Doors, 7 Seats
Toyota,USED,Automatic,4WD,Diesel,2020,8.6,75406,58990,SUV, 4 Doors, 7 Seats
Mitsubishi,USED,Automatic,Front,Unleaded,2017,6.8,40250,28996,SUV, 4 Doors, 5 Seats
Mitsubishi,USED,Automatic,Front,Unleaded,2015,6.6,148072,19990,SUV, 4 Doors, 5 Seats
Mitsubishi,USED,Automatic,AWD,Unleaded,2015,7.5,84465,23999,SUV, 4 Doors, 5 Seats
Toyota,USED,Automatic,Front,Hybrid,2022,4.7,124,53990,SUV, 5 Doors, 5 Seats
Toyota,USED,Automatic,AWD,Unleaded,2019,9.5,34832,49990,SUV, 4 Doors, 7 Seats
Toyota,USED,Automatic,Front,Unleaded,2018,7,31233,35990,SUV, 4 Doors, 5 Seats
Mitsubishi,USED,Automatic,AWD,Unleaded,2020,7.2,85039,29990,SUV, 4 Doors, 7 Seats
Toyota,USED,Automatic,4WD,Premium,2016,11.4,84213,48930,SUV, 4 Doors, 5 Seats
Toyota,USED,Automatic,Front,Unleaded,2017,9.3,67307,43990,SUV, 4 Doors, 7 Seats
Mitsubishi,USED,Automatic,Front,Unleaded,2019,6.8,88865,30990,SUV, 4 Doors, 7 Seats
Toyota,USED,Automatic,Front,Unleaded,2021,6.5,4753,53990,SUV, 5 Doors, 5 Seats
Mitsubishi,USED,Automatic,AWD,Unleaded,2019,7.7,108824,24999,SUV, 4 Doors, 5 Seats
Toyota,USED,Automatic,Front,Unleaded,2021,6.5,57954,37990,SUV, 5 Doors, 5 Seats
Mitsubishi,USED,Automatic,Front,Unleaded,2018,7.6,79000,25490,SUV, 4 Doors, 5 Seats
Toyota,USED,Automatic,4WD,Diesel,2018,8,152854,49990,SUV, 4 Doors, 7 Seats
Mitsubishi,USED,Automatic,Front,Unleaded,2021,7.2,46756,34990,SUV, 4 Doors, 7 Seats
Toyota,USED,Automatic,Front,Unleaded,2020,6.5,59757,46888,SUV, 5 Doors, 5 Seats
Toyota,USED,Automatic,AWD,Unleaded,2019,7.3,50044,49888,SUV, 5 Doors, 5 Seats
Toyota,USED,Automatic,Front,Unleaded,2020,5.4,27785,37990,SUV, 4 Doors, 5 Seats
Toyota,USED,Automatic,AWD,Hybrid,2021,5.6,27083,74990,SUV, 5 Doors, 7 Seats
Toyota,USED,Automatic,Front,Premium,2020,6.4,48860,33987,SUV, 5 Doors, 5 Seats
Mitsubishi,USED,Automatic,AWD,Unleaded,2021,7.2,61068,33750,SUV, 4 Doors, 7 Seats
Mitsubishi,USED,Automatic,Front,Unleaded,2017,6.8,139746,22990,SUV, 4 Doors, 7 Seats
Toyota,USED,Automatic,AWD,Hybrid,2020,4.8,76487,54990,SUV, 5 Doors, 5 Seats
Toyota,USED,Automatic,4WD,Diesel,2015,8,147531,47990,SUV, 4 Doors, 7 Seats
Toyota,USED,Automatic,Front,Unleaded,2015,10.2,90953,29888,SUV, 4 Doors, 7 Seats
Mitsubishi,USED,Automatic,Front,Unleaded,2017,7.6,35920,23990,SUV, 4 Doors, 5 Seats
Mitsubishi,USED,Automatic,AWD,Unleaded,2021,7.2,54503,33888,SUV, 4 Doors, 7 Seats
Mitsubishi,USED,Automatic,AWD,Unleaded,2021,7.2,59936,31990,SUV, 4 Doors, 7 Seats
Mitsubishi,USED,Automatic,Front,Unleaded,2016,7.4,71605,21988,SUV, 4 Doors, 5 Seats
Toyota,USED,Automatic,AWD,Hybrid,2020,4.8,26418,59880,SUV, 5 Doors, 5 Seats
Toyota,USED,Automatic,Front,Unleaded,2018,7.4,62390,32490,SUV, 4 Doors, 5 Seats
Mitsubishi,USED,Automatic,Front,Unleaded,2018,7.6,100734,22490,SUV, 4 Doors, 5 Seats
Mitsubishi,USED,Automatic,Front,Unleaded,2019,7.6,59138,26890,SUV, 4 Doors, 5 Seats
Toyota,USED,Automatic,AWD,Unleaded,2019,9.5,93958,47990,SUV, 4 Doors, 7 Seats
Toyota,USED,Automatic,4WD,Diesel,2016,9.5,165000,89665,SUV, 4 Doors, 7 Seats
Toyota,USED,Automatic,4WD,Diesel,2021,7.9,53425,70880,SUV, 4 Doors, 7 Seats
Mitsubishi,USED,Automatic,Front,Unleaded,2018,7.3,18868,28990,SUV, 4 Doors, 5 Seats
Toyota,USED,Automatic,Front,Unleaded,2013,7.4,211287,19888,SUV, 4 Doors, 5 Seats
Toyota,USED,Automatic,Front,Unleaded,2014,10.2,152082,26999,SUV, 4 Doors, 7 Seats
Toyota,USED,Automatic,AWD,Unleaded,2019,9.5,26037,57990,SUV, 4 Doors, 7 Seats
Mitsubishi,USED,Automatic,Front,Unleaded,2018,6.8,28398,30900,SUV, 4 Doors, 7 Seats
Toyota,USED,Automatic,AWD,Premium,2019,5.6,77984,34998,SUV, 4 Doors, 5 Seats
Toyota,USED,Automatic,AWD,Hybrid,2021,5.6,53000,76888,SUV, 5 Doors, 7 Seats
Toyota,USED,Automatic,AWD,Hybrid,2020,4.8,185959,37990,SUV, 5 Doors, 5 Seats
Toyota,USED,Automatic,Front,Hybrid,2020,4.7,59637,44888,SUV, 5 Doors, 5 Seats
Toyota,USED,Automatic,Front,Premium,2019,5.5,50069,34990,SUV, 4 Doors, 5 Seats
Mitsubishi,USED,Automatic,Front,Unleaded,2019,6.8,53469,34875,SUV, 4 Doors, 7 Seats
Toyota,USED,Automatic,Front,Hybrid,2021,4.7,45563,49333,SUV, 5 Doors, 5 Seats
Toyota,USED,Automatic,Front,Unleaded,2022,6,33475,55990,SUV, 5 Doors, 5 Seats
Mitsubishi,USED,Automatic,4WD,Diesel,2014,9,148390,29975,SUV, 4 Doors, 7 Seats
Mitsubishi,USED,Automatic,4WD,Diesel,2016,8,65430,38990,SUV, 4 Doors, 5 Seats
Toyota,USED,Automatic,AWD,Hybrid,2020,4.8,23432,63990,SUV, 5 Doors, 5 Seats
Toyota,USED,Automatic,Front,Premium,2021,6.4,21177,39170,SUV, 4 Doors, 5 Seats
Mitsubishi,USED,Automatic,Front,Unleaded,2019,6.8,98947,29750,SUV, 4 Doors, 7 Seats
Mitsubishi,USED,Automatic,AWD,Unleaded,2021,7.2,35321,38990,SUV, 4 Doors, 7 Seats
Mitsubishi,USED,Automatic,4WD,Diesel,2017,8,115467,39705,SUV, 4 Doors, 7 Seats
Toyota,USED,Automatic,Front,Hybrid,2020,4.7,52237,48480,SUV, 5 Doors, 5 Seats
Toyota,USED,Automatic,Front,Hybrid,2021,4.7,51025,50380,SUV, 5 Doors, 5 Seats
Toyota,USED,Automatic,4WD,Diesel,2020,7.6,92927,58990,SUV, 4 Doors, 7 Seats
Toyota,USED,Automatic,Front,Unleaded,2020,6.5,21093,49850,SUV, 5 Doors, 5 Seats
Toyota,USED,Automatic,Front,Hybrid,2021,4.7,44201,49990,SUV, 5 Doors, 5 Seats
Toyota,USED,Automatic,AWD,Hybrid,2021,5.6,21506,86850,SUV, 5 Doors, 7 Seats
Mitsubishi,USED,Automatic,Front,Unleaded,2016,7.4,216410,13980,SUV, 4 Doors, 5 Seats
Mitsubishi,USED,Automatic,AWD,Unleaded,2017,7.5,180595,20879,SUV, 4 Doors, 7 Seats
Mitsubishi,USED,Automatic,AWD,Diesel,2020,6.2,50603,35990,SUV, 4 Doors, 7 Seats
Toyota,USED,Automatic,AWD,Hybrid,2020,4.8,71077,45990,SUV, 5 Doors, 5 Seats
Mitsubishi,USED,Automatic,Front,Unleaded,2018,7.6,85945,23999,SUV, 4 Doors, 5 Seats
Toyota,USED,Automatic,AWD,Unleaded,2016,8.5,79000,30000,SUV, 4 Doors, 5 Seats
Toyota,USED,Automatic,Front,Unleaded,2013,11,188500,19990,SUV, 4 Doors, 7 Seats
Toyota,USED,Automatic,AWD,Unleaded,2017,9.5,72054,48490,SUV, 4 Doors, 7 Seats
Toyota,USED,Automatic,Front,Premium,2020,6.4,9331,41991,SUV, 4 Doors, 5 Seats
Toyota,USED,Automatic,Front,Premium,2018,5.5,86627,27995,SUV, 4 Doors, 5 Seats
Mitsubishi,USED,Automatic,4WD,Diesel,2018,8,79133,44995,SUV, 4 Doors, 7 Seats
Mitsubishi,USED,Automatic,4WD,Diesel,2018,8,108419,43888,SUV, 4 Doors, 7 Seats
Mitsubishi,USED,Automatic,AWD,Unleaded,2018,7.2,115823,28990,SUV, 4 Doors, 7 Seats
Toyota,USED,Manual,4WD,Diesel,2014,8.8,282320,31600,SUV, 4 Doors, 7 Seats
Mitsubishi,USED,Automatic,Front,Unleaded,2020,7.3,61935,26490,SUV, 4 Doors, 5 Seats
Toyota,USED,Automatic,4WD,Diesel,2016,9.5,231818,72990,SUV, 4 Doors, 7 Seats
Toyota,USED,Automatic,4WD,Diesel,2021,7.9,51770,70880,SUV, 4 Doors, 7 Seats
Mitsubishi,USED,Automatic,AWD,Unleaded,2020,7.2,40361,31990,SUV, 4 Doors, 5 Seats
Toyota,USED,Automatic,AWD,Unleaded,2016,10.6,96472,44705,SUV, 4 Doors, 7 Seats
Mitsubishi,USED,Automatic,Front,Unleaded,2018,7.6,111185,21999,SUV, 4 Doors, 5 Seats
Mitsubishi,USED,Automatic,AWD,Diesel,2017,6.2,104000,28400,SUV, 4 Doors, 7 Seats
Toyota,USED,Automatic,AWD,Unleaded,2019,7.3,72082,47998,SUV, 5 Doors, 5 Seats
Toyota,USED,Automatic,4WD,Diesel,2016,8,113718,48950,SUV, 4 Doors, 7 Seats
Mitsubishi,USED,Automatic,AWD,Unleaded,2018,7.2,68525,26990,SUV, 4 Doors, 5 Seats
Toyota,USED,Manual,4WD,Diesel,2016,10.7,98245,82888,SUV, 4 Doors, 5 Seats
Mitsubishi,USED,Automatic,Front,Unleaded,2019,7.6,33181,27500,SUV, 4 Doors, 5 Seats
Toyota,USED,Automatic,Front,Unleaded,2019,9.1,56006,48850,SUV, 4 Doors, 7 Seats
Toyota,USED,Automatic,4WD,Diesel,2021,7.6,32875,69490,SUV, 4 Doors, 7 Seats
Mitsubishi,USED,Automatic,4WD,Diesel,2015,7.4,159820,18990,SUV, 4 Doors, 5 Seats
Toyota,USED,Automatic,4WD,Diesel,2020,9.5,25483,299900,SUV, 4 Doors, 7 Seats
Toyota,USED,Automatic,Front,Unleaded,2022,6,9408,46990,SUV, 5 Doors, 5 Seats
Toyota,USED,Automatic,AWD,Hybrid,2019,4.8,92443,41888,SUV, 5 Doors, 5 Seats
Mitsubishi,USED,Automatic,Front,Unleaded,2015,7.4,84430,20998,SUV, 4 Doors, 5 Seats
Toyota,USED,Automatic,4WD,Diesel,2020,7.9,43725,93500,SUV, 4 Doors, 7 Seats
Mitsubishi,USED,Automatic,Front,Unleaded,2018,6.8,76001,29990,SUV, 4 Doors, 7 Seats
Toyota,USED,Automatic,Front,Unleaded,2018,7.4,96687,34888,SUV, 4 Doors, 5 Seats
Mitsubishi,USED,Automatic,Front,Unleaded,2015,6.6,232780,14999,SUV, 4 Doors, 5 Seats
Mitsubishi,USED,Automatic,Front,Unleaded,2019,7.2,62817,34260,SUV, 4 Doors, 7 Seats
Toyota,USED,Automatic,Front,Unleaded,2022,6,11277,56990,SUV, 5 Doors, 5 Seats
Toyota,USED,Automatic,AWD,Unleaded,2018,9.5,73836,43950,SUV, 4 Doors, 7 Seats
Toyota,USED,Automatic,Front,Unleaded,2017,7.4,53541,35999,SUV, 4 Doors, 5 Seats
Mitsubishi,USED,Automatic,Front,Unleaded,2020,7.2,96427,28990,SUV, 4 Doors, 7 Seats
Mitsubishi,USED,Automatic,Front,Unleaded,2017,6.8,159935,21990,SUV, 4 Doors, 7 Seats
Toyota,USED,Automatic,AWD,Hybrid,2020,4.8,62375,45990,SUV, 5 Doors, 5 Seats
Mitsubishi,USED,Automatic,Front,Unleaded,2017,7.4,139714,17990,SUV, 4 Doors, 5 Seats
Toyota,USED,Automatic,Front,Unleaded,2021,6.5,24022,50990,SUV, 5 Doors, 5 Seats
Toyota,USED,Automatic,Front,Unleaded,2015,7.4,172144,21999,SUV, 4 Doors, 5 Seats
Toyota,USED,Automatic,AWD,Unleaded,2015,8.5,118610,28990,SUV, 4 Doors, 5 Seats
Mitsubishi,USED,Automatic,Front,Unleaded,2020,7.3,16869,31490,SUV, 4 Doors, 5 Seats
Mitsubishi,USED,Automatic,Front,Unleaded,2020,7.6,74548,27990,SUV, 4 Doors, 5 Seats
Toyota,USED,Automatic,Front,Unleaded,2021,6.5,8028,53821,SUV, 5 Doors, 5 Seats
Mitsubishi,USED,Automatic,AWD,Unleaded,2022,8.1,16605,51990,SUV, 4 Doors, 7 Seats
Mitsubishi,USED,Automatic,AWD,Unleaded,2021,7.2,43761,32990,SUV, 4 Doors, 7 Seats
Toyota,USED,Automatic,AWD,Unleaded,2014,8.5,187749,19995,SUV, 4 Doors, 5 Seats
Toyota,USED,Automatic,Front,Unleaded,2018,7,34061,32990,SUV, 4 Doors, 5 Seats
Toyota,USED,Automatic,AWD,Unleaded,2020,7.5,45029,52950,SUV, 5 Doors, 5 Seats
Toyota,USED,Automatic,4WD,Diesel,2017,8,151470,59980,SUV, 4 Doors, 7 Seats
Toyota,USED,Automatic,Front,Hybrid,2019,4.7,60783,46990,SUV, 5 Doors, 5 Seats
Mitsubishi,USED,Automatic,Front,Unleaded,2017,6.8,76222,28990,SUV, 4 Doors, 7 Seats
Mitsubishi,USED,Automatic,4WD,Diesel,2019,8,47112,48499,SUV, 4 Doors, 7 Seats
Toyota,USED,Automatic,Front,Unleaded,2017,9.1,133090,36880,SUV, 4 Doors, 7 Seats
Mitsubishi,USED,Automatic,Front,Unleaded,2022,7.7,21234,39990,SUV, 4 Doors, 7 Seats
Toyota,USED,Automatic,AWD,Hybrid,2021,4.8,58142,46998,SUV, 5 Doors, 5 Seats
Mitsubishi,USED,Automatic,Front,Unleaded,2022,7.7,19351,41990,SUV, 4 Doors, 7 Seats
Toyota,USED,Automatic,AWD,Unleaded,2018,8.5,44321,37990,SUV, 4 Doors, 5 Seats
Toyota,USED,Automatic,Front,Hybrid,2020,4.7,55490,55880,SUV, 5 Doors, 5 Seats
Toyota,USED,Automatic,AWD,Unleaded,2019,9.5,57100,49888,SUV, 4 Doors, 7 Seats
Toyota,USED,Automatic,Front,Unleaded,2022,6,42085,42359,SUV, 5 Doors, 5 Seats
Mitsubishi,USED,Automatic,AWD,Unleaded,2020,7.2,56558,30990,SUV, 4 Doors, 7 Seats
Mitsubishi,USED,Automatic,Front,Unleaded,2018,7.6,73760,25950,SUV, 4 Doors, 5 Seats
Mitsubishi,USED,Automatic,Front,Unleaded,2022,7.3,18687,34987,SUV, 4 Doors, 5 Seats
Toyota,USED,Automatic,AWD,Unleaded,2018,8.5,67458,36990,SUV, 4 Doors, 5 Seats
Toyota,USED,Automatic,AWD,Unleaded,2017,8.5,91433,28490,SUV, 4 Doors, 5 Seats
Toyota,USED,Automatic,Front,Premium,2018,5.5,22616,36990,SUV, 4 Doors, 5 Seats
Mitsubishi,USED,Automatic,Front,Unleaded,2017,7.4,26110,24590,SUV, 4 Doors, 5 Seats
Toyota,USED,Manual,AWD,Diesel,2015,7.8,118452,36987,SUV, 4 Doors, 7 Seats
Toyota,USED,Automatic,AWD,Unleaded,2014,8.5,220547,18499,SUV, 4 Doors, 5 Seats
Toyota,USED,Automatic,Front,Unleaded,2018,9.1,96333,41905,SUV, 4 Doors, 7 Seats
Toyota,USED,Automatic,4WD,Diesel,2018,8,127175,62970,SUV, 4 Doors, 7 Seats
Toyota,USED,Automatic,4WD,Diesel,2019,8,93742,65900,SUV, 4 Doors, 7 Seats
Toyota,USED,Automatic,AWD,Hybrid,2020,4.8,28620,50990,SUV, 5 Doors, 5 Seats
Mitsubishi,USED,Automatic,4WD,Diesel,2015,9,63551,43990,SUV, 4 Doors, 7 Seats
Toyota,USED,Automatic,AWD,Unleaded,2019,9.5,57355,43888,SUV, 4 Doors, 7 Seats
Mitsubishi,USED,Automatic,Front,Unleaded,2016,7.4,172724,16590,SUV, 4 Doors, 5 Seats
Toyota,USED,Automatic,Front,Unleaded,2019,6.5,97790,36990,SUV, 5 Doors, 5 Seats
Toyota,USED,Automatic,AWD,Hybrid,2022,4,1492,49990,SUV, 4 Doors, 5 Seats
Mitsubishi,USED,Automatic,Front,Unleaded,2019,7.6,16922,29560,SUV, 4 Doors, 5 Seats
Mitsubishi,USED,Automatic,4WD,Diesel,2021,8,14671,52950,SUV, 4 Doors, 7 Seats
Mitsubishi,USED,Automatic,AWD,Unleaded,2017,7.5,215650,16500,SUV, 4 Doors, 5 Seats
Toyota,USED,Automatic,4WD,Diesel,2020,7.9,50901,69990,SUV, 4 Doors, 7 Seats
Mitsubishi,USED,Automatic,AWD,Diesel,2015,5.8,99605,25990,SUV, 4 Doors, 7 Seats
Toyota,USED,Automatic,Front,Unleaded,2022,6,8052,52970,SUV, 5 Doors, 5 Seats
Toyota,USED,Automatic,Front,Unleaded,2019,9.3,45095,55990,SUV, 4 Doors, 7 Seats
Mitsubishi,USED,Automatic,4WD,Diesel,2019,8,63815,43990,SUV, 4 Doors, 7 Seats
Mitsubishi,USED,Automatic,AWD,Hybrid,2015,1.9,136691,22022,SUV, 4 Doors, 5 Seats
Toyota,USED,Automatic,4WD,Diesel,2021,7.9,33761,96970,SUV, 4 Doors, 7 Seats
Toyota,USED,Automatic,Front,Hybrid,2020,4.7,62032,44850,SUV, 5 Doors, 5 Seats
Toyota,USED,Automatic,Front,Hybrid,2020,4.3,26823,45990,SUV, 5 Doors, 5 Seats
Toyota,USED,Automatic,Front,Unleaded,2020,6.5,19074,43894,SUV, 5 Doors, 5 Seats
Toyota,USED,Automatic,4WD,Diesel,2018,8,98338,56990,SUV, 4 Doors, 5 Seats
Toyota,USED,Automatic,Front,Unleaded,2019,6.5,36991,45890,SUV, 5 Doors, 5 Seats
Toyota,USED,Automatic,Front,Unleaded,2018,7.4,90912,33990,SUV, 4 Doors, 5 Seats
Toyota,USED,Automatic,4WD,Diesel,2020,7.6,45619,64990,SUV, 4 Doors, 7 Seats
Toyota,USED,Automatic,AWD,Hybrid,2020,4.8,61435,45525,SUV, 5 Doors, 5 Seats
Toyota,USED,Automatic,Front,Hybrid,2020,4.7,65139,48990,SUV, 5 Doors, 5 Seats
Mitsubishi,USED,Automatic,4WD,Diesel,2016,8,138342,33888,SUV, 4 Doors, 5 Seats
Mitsubishi,USED,Automatic,Front,Unleaded,2019,7.3,48190,30990,SUV, 4 Doors, 5 Seats
Mitsubishi,USED,Automatic,Front,Unleaded,2020,7.9,34039,31888,SUV, 4 Doors, 5 Seats
Toyota,USED,Automatic,Front,Hybrid,2021,4.7,101234,50950,SUV, 5 Doors, 5 Seats
Mitsubishi,USED,Automatic,4WD,Diesel,2013,9,239106,17999,SUV, 4 Doors, 5 Seats
Toyota,USED,Automatic,AWD,Hybrid,2021,5.6,60294,63990,SUV, 5 Doors, 7 Seats
Toyota,USED,Automatic,AWD,Hybrid,2022,4.8,19448,69970,SUV, 5 Doors, 5 Seats
Toyota,USED,Automatic,Front,Unleaded,2017,7.4,30694,31498,SUV, 4 Doors, 5 Seats
Toyota,USED,Automatic,AWD,Unleaded,2018,9.5,170427,37990,SUV, 4 Doors, 7 Seats
Toyota,USED,Automatic,Front,Premium,2017,6.4,64660,32490,SUV, 4 Doors, 5 Seats
Mitsubishi,USED,Automatic,AWD,Diesel,2016,5.8,90156,29288,SUV, 4 Doors, 7 Seats
Toyota,USED,Automatic,Front,Premium,2021,6.4,25937,38990,SUV, 4 Doors, 5 Seats
Toyota,USED,Automatic,Front,Unleaded,2021,6.5,12843,48894,SUV, 5 Doors, 5 Seats
Toyota,USED,Automatic,Front,Premium,2018,5.5,59464,32999,SUV, 4 Doors, 5 Seats
Toyota,USED,Automatic,4WD,Unleaded,2013,11,180000,18990,SUV, 4 Doors, 5 Seats
Mitsubishi,USED,Automatic,4WD,Diesel,2017,9,101530,39990,SUV, 4 Doors, 7 Seats
Mitsubishi,USED,Automatic,AWD,Unleaded,2016,7.5,76522,29990,SUV, 4 Doors, 7 Seats
Mitsubishi,USED,Automatic,Front,Unleaded,2019,7.9,20805,35990,SUV, 4 Doors, 5 Seats
Mitsubishi,USED,Automatic,Front,Unleaded,2019,7.6,32351,29990,SUV, 4 Doors, 5 Seats
Mitsubishi,USED,Automatic,Front,Unleaded,2022,7.6,9162,31990,SUV, 4 Doors, 5 Seats
Toyota,USED,Automatic,AWD,Unleaded,2021,6.7,29898,59900,SUV, 5 Doors, 5 Seats
Toyota,USED,Automatic,Front,Hybrid,2019,4.7,41266,53999,SUV, 5 Doors, 5 Seats
Mitsubishi,USED,Automatic,4WD,Diesel,2016,6,130695,19990,SUV, 4 Doors, 5 Seats
Toyota,USED,Automatic,4WD,Diesel,2021,7.9,40176,73999,SUV, 4 Doors, 7 Seats
Mitsubishi,USED,Automatic,Front,Unleaded,2019,6.8,86273,30490,SUV, 4 Doors, 7 Seats
Toyota,USED,Automatic,Front,Unleaded,2021,6,57458,49990,SUV, 5 Doors, 5 Seats
Toyota,USED,Automatic,Front,Hybrid,2021,4.7,89563,54990,SUV, 5 Doors, 5 Seats
Mitsubishi,USED,Automatic,Front,Unleaded,2022,7.7,16813,41990,SUV, 4 Doors, 7 Seats
Toyota,USED,Automatic,Front,Unleaded,2018,7,82084,30950,SUV, 4 Doors, 5 Seats
Toyota,USED,Automatic,Front,Premium,2020,6.4,45159,38990,SUV, 5 Doors, 5 Seats
Mitsubishi,USED,Automatic,Front,Unleaded,2019,7.6,77823,25950,SUV, 4 Doors, 5 Seats
Mitsubishi,USED,Automatic,4WD,Diesel,2020,8,49950,49890,SUV, 4 Doors, 7 Seats
Toyota,USED,Automatic,AWD,Hybrid,2020,4.8,61141,47990,SUV, 5 Doors, 5 Seats
Toyota,USED,Automatic,Front,Unleaded,2021,6.5,27869,42495,SUV, 5 Doors, 5 Seats
Toyota,USED,Automatic,AWD,Hybrid,2019,4.8,68582,53888,SUV, 5 Doors, 5 Seats
Toyota,USED,Automatic,Front,Premium,2021,6.4,28396,36868,SUV, 4 Doors, 5 Seats
Toyota,USED,Automatic,Front,Unleaded,2019,9.3,86607,49970,SUV, 4 Doors, 7 Seats
Mitsubishi,USED,Automatic,Front,Unleaded,2019,7.6,86117,27990,SUV, 4 Doors, 5 Seats
Mitsubishi,USED,Automatic,Front,Unleaded,2019,7.3,44703,29950,SUV, 4 Doors, 5 Seats
Mitsubishi,USED,Automatic,AWD,Unleaded,2013,7.5,102772,21990,SUV, 4 Doors, 7 Seats
Toyota,USED,Automatic,Front,Hybrid,2021,4.7,52152,45998,SUV, 5 Doors, 5 Seats
Toyota,USED,Automatic,AWD,Hybrid,2022,4.8,11842,69990,SUV, 5 Doors, 5 Seats
Toyota,USED,Automatic,Front,Unleaded,2019,6.5,38356,46990,SUV, 5 Doors, 5 Seats
Mitsubishi,USED,Automatic,Front,Unleaded,2018,7.3,41117,27990,SUV, 4 Doors, 5 Seats
Toyota,USED,Automatic,AWD,Hybrid,2021,4.8,15488,59490,SUV, 5 Doors, 5 Seats
Mitsubishi,USED,Automatic,AWD,Unleaded,2019,7.2,79663,31880,SUV, 4 Doors, 5 Seats
Toyota,USED,Automatic,4WD,Diesel,2022,7.9,9226,81895,SUV, 4 Doors, 7 Seats
Mitsubishi,USED,Automatic,Front,Unleaded,2013,6.6,229640,12990,SUV, 4 Doors, 5 Seats
Toyota,USED,Automatic,Front,Unleaded,2019,6.5,59838,36990,SUV, 5 Doors, 5 Seats
Toyota,USED,Automatic,Front,Unleaded,2018,7,101855,27895,SUV, 4 Doors, 5 Seats
Toyota,USED,Automatic,4WD,Diesel,2018,8,150419,57990,SUV, 4 Doors, 7 Seats
Toyota,USED,Automatic,Front,Unleaded,2014,7.4,123000,17900,SUV, 4 Doors, 5 Seats
Mitsubishi,USED,Automatic,4WD,Diesel,2021,8,56019,51950,SUV, 4 Doors, 7 Seats
Toyota,USED,Automatic,Front,Unleaded,2021,6.5,41873,40990,SUV, 5 Doors, 5 Seats
Mitsubishi,USED,Automatic,Front,Unleaded,2020,7.6,50433,28990,SUV, 4 Doors, 5 Seats
Toyota,USED,Automatic,Front,Premium,2017,6.4,89628,31990,SUV, 4 Doors, 5 Seats
Mitsubishi,USED,Automatic,Front,Unleaded,2019,7.6,71297,25880,SUV, 4 Doors, 5 Seats
Mitsubishi,USED,Automatic,Front,Unleaded,2019,7.6,72795,25950,SUV, 4 Doors, 5 Seats
Toyota,USED,Automatic,Front,Unleaded,2014,10.2,256861,19995,SUV, 4 Doors, 7 Seats
Toyota,USED,Automatic,Front,Unleaded,2019,6.5,52843,38888,SUV, 5 Doors, 5 Seats
Toyota,USED,Automatic,AWD,Hybrid,2021,4,9925,41888,SUV, 4 Doors, 5 Seats
Toyota,USED,Automatic,Front,Hybrid,2021,4.7,35430,52992,SUV, 5 Doors, 5 Seats
Toyota,USED,Automatic,Front,Unleaded,2020,6.5,40395,44970,SUV, 5 Doors, 5 Seats
Mitsubishi,USED,Automatic,Front,Unleaded,2017,6.6,14171,30950,SUV, 4 Doors, 7 Seats
Toyota,USED,Automatic,Front,Unleaded,2018,7,51022,34480,SUV, 4 Doors, 5 Seats
Mitsubishi,USED,Automatic,Front,Unleaded,2019,7.6,72887,23499,SUV, 4 Doors, 5 Seats
Mitsubishi,USED,Automatic,Front,Unleaded,2013,7.9,184515,13999,SUV, 4 Doors, 5 Seats
Mitsubishi,USED,Automatic,4WD,Diesel,2021,8,35604,54990,SUV, 4 Doors, 7 Seats
Toyota,USED,Automatic,Front,Hybrid,2021,4.7,60118,46990,SUV, 5 Doors, 5 Seats
Mitsubishi,USED,Automatic,Front,Unleaded,2020,7.6,46082,28990,SUV, 4 Doors, 5 Seats
Mitsubishi,USED,Automatic,Front,Unleaded,2019,7.6,88989,28990,SUV, 4 Doors, 5 Seats
Mitsubishi,USED,Automatic,AWD,Unleaded,2019,7.2,69908,31950,SUV, 4 Doors, 7 Seats
Mitsubishi,USED,Automatic,AWD,Unleaded,2019,7.2,71000,31450,SUV, 4 Doors, 7 Seats
Mitsubishi,USED,Automatic,Front,Unleaded,2022,7.7,13516,49950,SUV, 4 Doors, 7 Seats
Mitsubishi,USED,Automatic,Front,Unleaded,2017,7.4,138589,19990,SUV, 4 Doors, 5 Seats
Mitsubishi,USED,Automatic,Front,Unleaded,2020,7.6,54500,26990,SUV, 4 Doors, 5 Seats
Toyota,USED,Automatic,AWD,Unleaded,2017,9.5,70925,46380,SUV, 4 Doors, 7 Seats
Mitsubishi,USED,Automatic,Front,Unleaded,2018,7.6,83521,24890,SUV, 4 Doors, 5 Seats
Mitsubishi,USED,Automatic,Front,Unleaded,2019,7.3,57408,29950,SUV, 4 Doors, 5 Seats
Mitsubishi,USED,Automatic,AWD,Unleaded,2020,7.2,71453,30990,SUV, 4 Doors, 7 Seats
Toyota,USED,Automatic,AWD,Unleaded,2018,8.5,59267,36985,SUV, 4 Doors, 5 Seats
Mitsubishi,USED,Automatic,Front,Unleaded,2022,7.5,20611,38502,SUV, 4 Doors, 5 Seats
Toyota,USED,Automatic,AWD,Unleaded,2019,7.3,65253,49970,SUV, 5 Doors, 5 Seats
Mitsubishi,USED,Automatic,Front,Unleaded,2018,7.6,16888,29990,SUV, 4 Doors, 5 Seats
Toyota,USED,Automatic,4WD,Diesel,2021,7.9,14500,91880,SUV, 4 Doors, 7 Seats
Mitsubishi,USED,Manual,Front,Unleaded,2018,7,97560,25990,SUV, 4 Doors, 5 Seats
Mitsubishi,USED,Automatic,Front,Unleaded,2019,7.2,101821,24990,SUV, 4 Doors, 7 Seats
Toyota,USED,Automatic,4WD,Diesel,2015,10.3,237138,73990,SUV, 4 Doors, 8 Seats
Mitsubishi,USED,Automatic,Front,Unleaded,2020,7.9,12042,34267,SUV, 4 Doors, 5 Seats
Mitsubishi,USED,Automatic,AWD,Unleaded,2019,7.2,44949,29990,SUV, 4 Doors, 5 Seats
Toyota,USED,Automatic,AWD,Hybrid,2020,4.8,38014,48894,SUV, 5 Doors, 5 Seats
Mitsubishi,USED,Automatic,4WD,Diesel,2017,9,149292,36255,SUV, 4 Doors, 7 Seats
Toyota,USED,Automatic,AWD,Hybrid,2021,5.6,14563,81990,SUV, 5 Doors, 7 Seats
Mitsubishi,USED,Automatic,Front,Unleaded,2021,7.6,21590,29980,SUV, 4 Doors, 5 Seats
Toyota,USED,Automatic,4WD,Diesel,2021,7.9,24833,77895,SUV, 4 Doors, 7 Seats
Mitsubishi,USED,Automatic,Front,Unleaded,2018,6.8,51600,30909,SUV, 4 Doors, 7 Seats
Toyota,USED,Automatic,AWD,Hybrid,2022,4.8,15720,62990,SUV, 5 Doors, 5 Seats
Toyota,USED,Automatic,Front,Unleaded,2017,9.3,87658,45990,SUV, 4 Doors, 7 Seats
Mitsubishi,USED,Automatic,Front,Unleaded,2019,7.3,68223,26999,SUV, 4 Doors, 5 Seats
Mitsubishi,USED,Automatic,Front,Unleaded,2020,7.3,32137,29999,SUV, 4 Doors, 5 Seats
Mitsubishi,USED,Automatic,Front,Unleaded,2019,6.8,71607,26498,SUV, 4 Doors, 7 Seats
Toyota,USED,Automatic,AWD,Diesel,2014,6.5,181305,20990,SUV, 4 Doors, 5 Seats
Toyota,USED,Automatic,AWD,Unleaded,2021,7.5,23127,59990,SUV, 5 Doors, 5 Seats
Toyota,USED,Automatic,4WD,Diesel,2020,8,95529,66490,SUV, 4 Doors, 7 Seats
Toyota,USED,Automatic,4WD,Diesel,2022,8.9,15687,114617,SUV, 4 Doors, 5 Seats
Toyota,USED,Automatic,Front,Premium,2017,6.4,84422,28468,SUV, 4 Doors, 5 Seats
Mitsubishi,USED,Automatic,4WD,Diesel,2018,9,60229,48990,SUV, 4 Doors, 7 Seats
Toyota,USED,Automatic,AWD,Hybrid,2019,4.8,99150,46950,SUV, 5 Doors, 5 Seats
Toyota,USED,Automatic,4WD,Diesel,2021,7.6,67957,54894,SUV, 4 Doors, 7 Seats
Mitsubishi,USED,Automatic,Front,Unleaded,2018,7.6,91918,24970,SUV, 4 Doors, 5 Seats
Toyota,USED,Automatic,Front,Hybrid,2020,4.7,33305,56767,SUV, 5 Doors, 5 Seats
Mitsubishi,USED,Automatic,4WD,Diesel,2015,9.8,105377,29990,SUV, 4 Doors, 5 Seats
Mitsubishi,USED,Automatic,AWD,Hybrid,2018,1.7,36824,39990,SUV, 4 Doors, 5 Seats
Toyota,USED,Automatic,AWD,Hybrid,2019,4.8,45226,50888,SUV, 5 Doors, 5 Seats
Toyota,USED,Automatic,4WD,Diesel,2022,8.9,29235,174880,SUV, 4 Doors, 5 Seats
Toyota,USED,Automatic,AWD,Unleaded,2015,8.5,160695,25988,SUV, 4 Doors, 5 Seats
Toyota,USED,Automatic,AWD,Diesel,2018,8.6,58881,58990,SUV, 4 Doors, 7 Seats
Toyota,USED,Automatic,Front,Unleaded,2020,6.5,30774,47490,SUV, 5 Doors, 5 Seats
Toyota,USED,Automatic,4WD,Diesel,2017,8,101486,47980,SUV, 4 Doors, 5 Seats
Mitsubishi,USED,Automatic,Front,Unleaded,2019,7.6,29820,28990,SUV, 4 Doors, 5 Seats
Toyota,USED,Automatic,4WD,Diesel,2020,8,59475,64262,SUV, 4 Doors, 7 Seats
Toyota,USED,Automatic,4WD,Diesel,2018,8,195000,42900,SUV, 4 Doors, 5 Seats
Mitsubishi,USED,Automatic,AWD,Unleaded,2018,7.2,97448,27865,SUV, 4 Doors, 7 Seats
Toyota,USED,Automatic,AWD,Unleaded,2017,9.5,58745,42880,SUV, 4 Doors, 7 Seats
Mitsubishi,USED,Automatic,4WD,Diesel,2017,9,104159,41920,SUV, 4 Doors, 7 Seats
Toyota,USED,Automatic,Front,Unleaded,2019,9.1,29270,47490,SUV, 4 Doors, 7 Seats
Toyota,USED,Automatic,Front,Hybrid,2020,4.3,33234,44865,SUV, 5 Doors, 5 Seats
Toyota,USED,Automatic,4WD,Diesel,2020,7.9,40601,92490,SUV, 4 Doors, 7 Seats
Toyota,USED,Automatic,AWD,Diesel,2016,8.6,116600,42990,SUV, 4 Doors, 7 Seats
Mitsubishi,USED,Automatic,4WD,Diesel,2016,8,53566,39990,SUV, 4 Doors, 5 Seats
Toyota,USED,Automatic,Front,Unleaded,2020,6.5,37093,46990,SUV, 5 Doors, 5 Seats
Mitsubishi,USED,Automatic,4WD,Diesel,2015,9,123683,42990,SUV, 4 Doors, 7 Seats
Mitsubishi,USED,Automatic,4WD,Diesel,2016,9,210111,29990,SUV, 4 Doors, 7 Seats
Toyota,USED,Automatic,4WD,Diesel,2021,7.9,15395,78990,SUV, 4 Doors, 7 Seats
Toyota,USED,Manual,4WD,Diesel,2017,10.7,96405,74990,SUV, 2 Doors, 2 Seats
Toyota,USED,Automatic,4WD,Diesel,2022,8.9,22305,165895,SUV, 4 Doors, 5 Seats
Toyota,USED,Automatic,AWD,Hybrid,2020,4.8,70895,56990,SUV, 5 Doors, 5 Seats
Toyota,USED,Automatic,4WD,Diesel,2020,9.5,84985,116967,SUV, 4 Doors, 7 Seats
Mitsubishi,USED,Automatic,4WD,Diesel,2021,8,28738,56990,SUV, 4 Doors, 7 Seats
Mitsubishi,USED,Automatic,Front,Unleaded,2018,6.8,36007,29855,SUV, 4 Doors, 7 Seats
Mitsubishi,USED,Automatic,4WD,Diesel,2021,8,57937,48868,SUV, 4 Doors, 7 Seats
Toyota,USED,Automatic,AWD,Hybrid,2020,4.8,23541,59990,SUV, 5 Doors, 5 Seats
Toyota,USED,Automatic,4WD,Diesel,2019,8,52069,67895,SUV, 4 Doors, 7 Seats
Mitsubishi,USED,Automatic,4WD,Diesel,2018,8,90193,44990,SUV, 4 Doors, 7 Seats
Toyota,USED,Automatic,4WD,Diesel,2021,7.6,16768,62990,SUV, 4 Doors, 7 Seats
Mitsubishi,USED,Automatic,AWD,Unleaded,2015,7.5,140616,21990,SUV, 4 Doors, 7 Seats
Toyota,USED,Automatic,4WD,Diesel,2015,9.5,214453,64950,SUV, 4 Doors, 7 Seats
Toyota,USED,Manual,4WD,Diesel,2021,10.7,36690,130000,SUV, 4 Doors, 5 Seats
Mitsubishi,USED,Automatic,Front,Unleaded,2017,6.6,90248,24990,SUV, 4 Doors, 7 Seats
Toyota,USED,Automatic,Front,Unleaded,2015,10.2,125965,27990,SUV, 4 Doors, 7 Seats
Toyota,USED,Automatic,Front,Premium,2018,5.5,77416,29720,SUV, 4 Doors, 5 Seats
Mitsubishi,USED,Automatic,Front,Unleaded,2019,7.3,37858,28990,SUV, 4 Doors, 5 Seats
Mitsubishi,USED,Automatic,Front,Unleaded,2018,7.6,39810,25790,SUV, 4 Doors, 5 Seats
Toyota,USED,Automatic,Front,Unleaded,2017,7,142881,25950,SUV, 4 Doors, 5 Seats
Toyota,USED,Automatic,AWD,Premium,2018,5.6,78932,31939,SUV, 4 Doors, 5 Seats
Mitsubishi,USED,Automatic,4WD,Diesel,2022,8,17811,58780,SUV, 4 Doors, 7 Seats
Toyota,USED,Automatic,Front,Unleaded,2015,10.2,142912,28813,SUV, 4 Doors, 7 Seats
Toyota,USED,Automatic,Front,Unleaded,2018,7,136347,23999,SUV, 4 Doors, 5 Seats
Toyota,USED,Automatic,AWD,Unleaded,2018,9.5,73536,53990,SUV, 4 Doors, 7 Seats
Mitsubishi,USED,Automatic,4WD,Diesel,2015,9,89838,41990,SUV, 4 Doors, 7 Seats
Mitsubishi,USED,Automatic,Front,Unleaded,2020,7.3,85654,29990,SUV, 4 Doors, 5 Seats
Mitsubishi,USED,Automatic,AWD,Unleaded,2019,7.2,91308,29950,SUV, 4 Doors, 7 Seats
Toyota,USED,Automatic,Front,Unleaded,2020,6.5,85973,38990,SUV, 5 Doors, 5 Seats
Mitsubishi,USED,Automatic,4WD,Diesel,2016,9,186850,31990,SUV, 4 Doors, 7 Seats
Mitsubishi,USED,Automatic,4WD,Diesel,2014,9,218301,32990,SUV, 4 Doors, 7 Seats
Mitsubishi,USED,Automatic,Front,Unleaded,2019,7.6,91400,24950,SUV, 4 Doors, 5 Seats
Mitsubishi,USED,Automatic,Front,Unleaded,2019,6.8,53567,27498,SUV, 4 Doors, 7 Seats
Toyota,USED,Automatic,4WD,Diesel,2018,8,112254,56880,SUV, 4 Doors, 7 Seats
Toyota,USED,Automatic,AWD,Unleaded,2018,9.5,81960,40880,SUV, 4 Doors, 7 Seats
Toyota,USED,Automatic,AWD,Hybrid,2022,4.8,33486,63880,SUV, 5 Doors, 5 Seats
Mitsubishi,USED,Automatic,AWD,Unleaded,2020,7.2,57964,28990,SUV, 4 Doors, 7 Seats
Mitsubishi,USED,Automatic,Front,Unleaded,2019,7.3,79732,27832,SUV, 4 Doors, 5 Seats
Mitsubishi,USED,Automatic,Front,Unleaded,2019,7.3,69033,26990,SUV, 4 Doors, 5 Seats
Mitsubishi,USED,Automatic,Front,Unleaded,2016,6.6,70075,25980,SUV, 4 Doors, 5 Seats
Mitsubishi,USED,Automatic,4WD,Diesel,2014,9.8,219290,20990,SUV, 4 Doors, 5 Seats
Toyota,USED,Automatic,4WD,Unleaded,2013,11,169300,18999,SUV, 4 Doors, 5 Seats
Toyota,USED,Automatic,Front,Premium,2021,6.4,5192,38990,SUV, 4 Doors, 5 Seats
Toyota,USED,Automatic,Front,Unleaded,2018,7,148109,23990,SUV, 4 Doors, 5 Seats
Toyota,USED,Manual,4WD,Diesel,2018,10.7,108863,88747,SUV, 2 Doors, 5 Seats
Toyota,USED,Automatic,AWD,Premium,2021,8.9,21559,72894,SUV, 5 Doors, 7 Seats
Toyota,USED,Automatic,4WD,Diesel,2014,10.3,186911,85888,SUV, 4 Doors, 7 Seats
Mitsubishi,USED,Automatic,4WD,Diesel,2018,8,74115,45990,SUV, 4 Doors, 7 Seats
Toyota,USED,Automatic,4WD,Diesel,2014,10.3,218680,67990,SUV, 4 Doors, 8 Seats
Toyota,USED,Automatic,AWD,Unleaded,2018,8.5,70183,35880,SUV, 4 Doors, 5 Seats
Toyota,USED,Automatic,4WD,Diesel,2021,7.9,144271,61880,SUV, 4 Doors, 7 Seats
Toyota,USED,Automatic,Front,Hybrid,2019,4.7,39409,53755,SUV, 5 Doors, 5 Seats
Toyota,USED,Automatic,AWD,Diesel,2016,8.6,181921,36977,SUV, 4 Doors, 7 Seats
Toyota,USED,Automatic,4WD,Diesel,2014,8.5,232241,41711,SUV, 4 Doors, 7 Seats
Toyota,USED,Automatic,4WD,Diesel,2019,8,98750,69990,SUV, 4 Doors, 7 Seats
Mitsubishi,USED,Automatic,4WD,Diesel,2015,9,145762,36990,SUV, 4 Doors, 7 Seats
Mitsubishi,USED,Automatic,4WD,Diesel,2020,8,89199,43990,SUV, 4 Doors, 7 Seats
Mitsubishi,USED,Automatic,Front,Unleaded,2019,6.8,80454,28490,SUV, 4 Doors, 7 Seats
Toyota,USED,Automatic,4WD,Diesel,2016,9.5,164198,88000,SUV, 4 Doors, 7 Seats
Mitsubishi,USED,Automatic,Front,Unleaded,2018,7.3,51458,26990,SUV, 4 Doors, 5 Seats
Toyota,USED,Automatic,Front,Unleaded,2016,10.4,194900,29990,SUV, 4 Doors, 7 Seats
Toyota,USED,Automatic,4WD,Diesel,2019,9.5,70825,114999,SUV, 4 Doors, 7 Seats
Toyota,USED,Automatic,Front,Unleaded,2018,9.1,60738,37999,SUV, 4 Doors, 7 Seats
Toyota,USED,Automatic,4WD,Diesel,2018,9.5,103909,92880,SUV, 4 Doors, 7 Seats
Toyota,USED,Automatic,Front,Hybrid,2021,4.3,11049,45990,SUV, 4 Doors, 5 Seats
Toyota,USED,Automatic,Front,Unleaded,2016,7.4,76392,29990,SUV, 4 Doors, 5 Seats
Mitsubishi,USED,Automatic,AWD,Unleaded,2019,7.7,72141,34990,SUV, 4 Doors, 5 Seats
Toyota,USED,Automatic,AWD,Diesel,2015,8.6,115130,42990,SUV, 4 Doors, 7 Seats
Toyota,USED,Automatic,Front,Hybrid,2021,4.7,51202,45990,SUV, 5 Doors, 5 Seats
Mitsubishi,USED,Automatic,Front,Unleaded,2021,7.6,50827,26890,SUV, 4 Doors, 5 Seats
Mitsubishi,USED,Automatic,Front,Unleaded,2021,7.6,58210,25980,SUV, 4 Doors, 5 Seats
Toyota,USED,Automatic,4WD,Diesel,2022,8.9,19111,159950,SUV, 4 Doors, 5 Seats
Toyota,USED,Automatic,Front,Hybrid,2019,4.7,93060,46990,SUV, 5 Doors, 5 Seats
Mitsubishi,USED,Automatic,Front,Unleaded,2017,7.4,128842,21990,SUV, 4 Doors, 5 Seats
Toyota,USED,Automatic,4WD,Diesel,2021,7.6,38506,68988,SUV, 4 Doors, 7 Seats
Mitsubishi,USED,Automatic,Front,Unleaded,2021,7.6,35040,27990,SUV, 4 Doors, 5 Seats
Toyota,USED,Automatic,Front,Unleaded,2018,9.1,71402,40990,SUV, 4 Doors, 7 Seats
Mitsubishi,USED,Automatic,4WD,Diesel,2017,8,139866,35684,SUV, 4 Doors, 7 Seats
Toyota,USED,Manual,4WD,Diesel,2016,10.7,110565,89990,SUV, 4 Doors, 5 Seats
Toyota,USED,Automatic,Front,Unleaded,2016,10.2,97686,34599,SUV, 4 Doors, 7 Seats
Toyota,USED,Automatic,4WD,Diesel,2019,8,136578,61995,SUV, 4 Doors, 7 Seats
Mitsubishi,USED,Automatic,4WD,Diesel,2016,8,158836,32990,SUV, 4 Doors, 5 Seats
Toyota,USED,Automatic,AWD,Hybrid,2020,4.8,219654,38990,SUV, 5 Doors, 5 Seats
Mitsubishi,USED,Automatic,Front,Unleaded,2019,7.6,95154,26990,SUV, 4 Doors, 5 Seats
Toyota,USED,Automatic,Front,Unleaded,2017,7.4,139584,26990,SUV, 4 Doors, 5 Seats
Mitsubishi,USED,Automatic,Front,Unleaded,2018,7.6,47779,27990,SUV, 4 Doors, 5 Seats
Toyota,USED,Automatic,Front,Unleaded,2019,9.1,71009,38990,SUV, 4 Doors, 7 Seats
Mitsubishi,USED,Automatic,AWD,Unleaded,2018,7.2,78528,27990,SUV, 4 Doors, 5 Seats
Mitsubishi,USED,Automatic,Front,Unleaded,2018,7.3,78460,24990,SUV, 4 Doors, 5 Seats
Toyota,USED,Automatic,4WD,Diesel,2015,8.5,291819,34990,SUV, 4 Doors, 7 Seats
Toyota,USED,Automatic,Front,Premium,2021,6.4,26195,34990,SUV, 4 Doors, 5 Seats
Toyota,USED,Automatic,Front,Unleaded,2020,6.5,72045,38995,SUV, 5 Doors, 5 Seats
Toyota,USED,Automatic,4WD,Diesel,2020,8,62936,67990,SUV, 4 Doors, 7 Seats
Toyota,USED,Automatic,4WD,Diesel,2013,8.5,226373,37990,SUV, 4 Doors, 5 Seats
Toyota,USED,Automatic,Front,Hybrid,2020,4.7,80710,45995,SUV, 5 Doors, 5 Seats
Toyota,USED,Automatic,4WD,Diesel,2016,8,248785,44990,SUV, 4 Doors, 5 Seats
Toyota,USED,Automatic,Front,Unleaded,2020,6.5,79382,37950,SUV, 5 Doors, 5 Seats
Toyota,USED,Automatic,4WD,Diesel,2017,9.5,90330,104999,SUV, 4 Doors, 7 Seats
Toyota,USED,Automatic,Front,Hybrid,2020,4.7,62342,47980,SUV, 5 Doors, 5 Seats
Toyota,USED,Automatic,4WD,Diesel,2016,9.5,115393,105990,SUV, 4 Doors, 7 Seats
Mitsubishi,USED,Automatic,AWD,Unleaded,2021,8.1,32575,42990,SUV, 4 Doors, 7 Seats
Mitsubishi,USED,Automatic,Front,Unleaded,2021,7.6,41118,31999,SUV, 4 Doors, 5 Seats
Toyota,USED,Automatic,4WD,Diesel,2021,7.9,30000,73880,SUV, 4 Doors, 7 Seats
Mitsubishi,USED,Automatic,Front,Unleaded,2019,7.6,69965,25990,SUV, 4 Doors, 5 Seats
Mitsubishi,USED,Automatic,4WD,Diesel,2014,9,247578,25990,SUV, 4 Doors, 7 Seats
Toyota,USED,Automatic,4WD,Diesel,2020,9.5,76930,119990,SUV, 4 Doors, 7 Seats
Toyota,USED,Automatic,4WD,Diesel,2019,9.5,71914,117880,SUV, 4 Doors, 7 Seats
Mitsubishi,USED,Automatic,Front,Unleaded,2019,7.6,89354,22990,SUV, 4 Doors, 5 Seats
Mitsubishi,USED,Automatic,Front,Unleaded,2020,7.2,80254,28977,SUV, 4 Doors, 7 Seats
Toyota,USED,Automatic,Front,Unleaded,2018,7,34800,32990,SUV, 4 Doors, 5 Seats
Mitsubishi,USED,Automatic,Front,Unleaded,2021,7.2,53693,35999,SUV, 4 Doors, 7 Seats
Mitsubishi,USED,Automatic,Front,Unleaded,2019,6.8,91842,26988,SUV, 4 Doors, 7 Seats
Toyota,USED,Automatic,4WD,Diesel,2020,8,63000,76999,SUV, 4 Doors, 7 Seats
Mitsubishi,USED,Automatic,AWD,Unleaded,2018,7.7,82858,29910,SUV, 4 Doors, 5 Seats
Toyota,USED,Automatic,4WD,Diesel,2014,8.5,118041,40990,SUV, 4 Doors, 5 Seats
Toyota,USED,Automatic,4WD,Diesel,2018,8,180901,52990,SUV, 4 Doors, 7 Seats
Toyota,USED,Automatic,4WD,Diesel,2019,8,50849,68999,SUV, 4 Doors, 7 Seats
Toyota,USED,Automatic,AWD,Hybrid,2021,4.8,22658,58880,SUV, 5 Doors, 5 Seats
Mitsubishi,USED,Automatic,Front,Unleaded,2016,7.4,94320,22990,SUV, 4 Doors, 5 Seats
Mitsubishi,USED,Automatic,Front,Unleaded,2021,7.3,19552,39990,SUV, 4 Doors, 5 Seats
Toyota,USED,Automatic,4WD,Diesel,2019,8,107103,59990,SUV, 4 Doors, 7 Seats
Mitsubishi,USED,Automatic,Front,Unleaded,2021,7.2,50811,31977,SUV, 4 Doors, 7 Seats
Toyota,USED,Automatic,AWD,Unleaded,2018,8.5,26900,35990,SUV, 4 Doors, 5 Seats
Toyota,USED,Automatic,Front,Unleaded,2018,9.1,68446,40888,SUV, 4 Doors, 7 Seats
Mitsubishi,USED,Automatic,Front,Unleaded,2020,7.3,54001,27999,SUV, 4 Doors, 5 Seats
Mitsubishi,USED,Automatic,Front,Unleaded,2020,7.6,48501,31990,SUV, 4 Doors, 5 Seats
Mitsubishi,USED,Automatic,Front,Unleaded,2021,7.6,64125,27888,SUV, 4 Doors, 5 Seats
Toyota,USED,Automatic,Front,Unleaded,2021,6.5,43265,38775,SUV, 5 Doors, 5 Seats
Toyota,USED,Automatic,Front,Unleaded,2020,6.5,87376,38995,SUV, 5 Doors, 5 Seats
Mitsubishi,USED,Automatic,AWD,Unleaded,2019,7.2,91768,29950,SUV, 4 Doors, 7 Seats
Mitsubishi,USED,Automatic,AWD,Diesel,2018,6.2,32265,34980,SUV, 4 Doors, 7 Seats
Toyota,USED,Automatic,4WD,Diesel,2020,7.9,57800,64888,SUV, 4 Doors, 7 Seats
Toyota,USED,Automatic,Front,Hybrid,2021,4.7,54465,48880,SUV, 5 Doors, 5 Seats
Toyota,USED,Automatic,4WD,Diesel,2020,7.9,77012,84880,SUV, 4 Doors, 7 Seats
Toyota,USED,Automatic,4WD,Diesel,2017,8,128909,54980,SUV, 4 Doors, 7 Seats
Toyota,USED,Automatic,AWD,Unleaded,2014,10.6,204200,21999,SUV, 4 Doors, 7 Seats
Mitsubishi,USED,Automatic,AWD,Hybrid,2014,1.9,171292,17999,SUV, 4 Doors, 5 Seats
Toyota,USED,Automatic,Front,Hybrid,2021,4.3,21958,47888,SUV, 4 Doors, 5 Seats
Mitsubishi,USED,Automatic,4WD,Diesel,2021,8,42145,47990,SUV, 4 Doors, 7 Seats
Mitsubishi,USED,Automatic,Front,Unleaded,2020,7.6,57342,28490,SUV, 4 Doors, 5 Seats
Toyota,USED,Automatic,AWD,Hybrid,2020,4.8,59813,44888,SUV, 5 Doors, 5 Seats
Toyota,USED,Automatic,Front,Hybrid,2020,4.7,55743,45990,SUV, 5 Doors, 5 Seats
Toyota,USED,Automatic,Front,Unleaded,2019,6.5,105283,44990,SUV, 5 Doors, 5 Seats
Toyota,USED,Automatic,Front,Hybrid,2021,3.8,23072,39990,SUV, 4 Doors, 5 Seats
Mitsubishi,USED,Automatic,4WD,Diesel,2016,8,104075,34498,SUV, 4 Doors, 7 Seats
Mitsubishi,USED,Automatic,AWD,Diesel,2016,5.8,98343,27980,SUV, 4 Doors, 7 Seats
Mitsubishi,USED,Automatic,AWD,Unleaded,2020,7.2,97922,26990,SUV, 4 Doors, 5 Seats
Mitsubishi,USED,Automatic,4WD,Diesel,2017,9,162486,32990,SUV, 4 Doors, 7 Seats
Toyota,USED,Automatic,AWD,Hybrid,2020,4.8,18723,54850,SUV, 5 Doors, 5 Seats
Mitsubishi,USED,Automatic,4WD,Diesel,2018,9,73350,41490,SUV, 4 Doors, 7 Seats
Toyota,USED,Automatic,4WD,Diesel,2014,8.5,293205,34990,SUV, 4 Doors, 7 Seats
Mitsubishi,USED,Automatic,Front,Unleaded,2020,7.6,69719,27888,SUV, 4 Doors, 5 Seats
Toyota,USED,Automatic,Front,Hybrid,2021,4.7,23435,55990,SUV, 5 Doors, 5 Seats
Mitsubishi,USED,Automatic,4WD,Diesel,2016,9,59012,38990,SUV, 4 Doors, 7 Seats
Toyota,USED,Automatic,4WD,Diesel,2017,9.5,154870,93990,SUV, 4 Doors, 7 Seats
Mitsubishi,USED,Automatic,AWD,Unleaded,2021,7.2,27947,33990,SUV, 4 Doors, 7 Seats
Mitsubishi,USED,Automatic,Front,Unleaded,2018,6.8,98797,25863,SUV, 4 Doors, 7 Seats
Toyota,USED,Automatic,Front,Unleaded,2015,10.2,65301,30887,SUV, 4 Doors, 7 Seats
Mitsubishi,USED,Automatic,Front,Unleaded,2022,7.6,17595,31990,SUV, 4 Doors, 5 Seats
Mitsubishi,USED,Automatic,Front,Unleaded,2018,7.3,38795,29980,SUV, 4 Doors, 5 Seats
Mitsubishi,USED,Automatic,Front,Unleaded,2019,7.6,97628,23990,SUV, 4 Doors, 5 Seats
Mitsubishi,USED,Automatic,AWD,Unleaded,2017,7.5,83739,25950,SUV, 4 Doors, 7 Seats
Toyota,USED,Automatic,Front,Unleaded,2016,10.4,86079,38888,SUV, 4 Doors, 7 Seats
Mitsubishi,USED,Automatic,Front,Unleaded,2019,6.8,91599,28490,SUV, 4 Doors, 7 Seats
Mitsubishi,USED,Automatic,Front,Unleaded,2021,7.3,1,34990,SUV, 4 Doors, 5 Seats
Toyota,USED,Automatic,4WD,Diesel,2018,8,77072,63990,SUV, 4 Doors, 7 Seats
Mitsubishi,USED,Automatic,Front,Unleaded,2019,7.3,72259,26850,SUV, 4 Doors, 5 Seats
Mitsubishi,USED,Automatic,Front,Unleaded,2020,7.2,55282,31990,SUV, 4 Doors, 7 Seats
Toyota,USED,Automatic,Front,Unleaded,2018,7,61101,34980,SUV, 4 Doors, 5 Seats
Mitsubishi,USED,Automatic,AWD,Unleaded,2013,7.5,98160,20999,SUV, 4 Doors, 7 Seats
Mitsubishi,USED,Automatic,AWD,Unleaded,2020,7.2,59365,33990,SUV, 4 Doors, 7 Seats
Toyota,USED,Automatic,Front,Unleaded,2020,6.5,71660,46990,SUV, 5 Doors, 5 Seats
Mitsubishi,USED,Automatic,Front,Unleaded,2015,6.6,110733,22999,SUV, 4 Doors, 5 Seats
Toyota,USED,Automatic,4WD,Unleaded,2013,11.6,208478,14985,SUV, 4 Doors, 7 Seats
Toyota,USED,Automatic,Front,Hybrid,2020,4.3,40321,41999,SUV, 4 Doors, 5 Seats
Mitsubishi,USED,Automatic,AWD,Diesel,2019,6.2,35756,37977,SUV, 4 Doors, 7 Seats
Toyota,USED,Automatic,Front,Hybrid,2020,4.7,59141,46990,SUV, 5 Doors, 5 Seats
Mitsubishi,USED,Automatic,Front,Unleaded,2016,6.6,83817,22990,SUV, 4 Doors, 5 Seats
Toyota,USED,Automatic,AWD,Diesel,2013,6.5,150000,25850,SUV, 4 Doors, 5 Seats
Mitsubishi,USED,Automatic,Front,Unleaded,2014,7.7,151912,14888,SUV, 4 Doors, 5 Seats
Toyota,USED,Automatic,4WD,Diesel,2019,8,75987,69990,SUV, 4 Doors, 7 Seats
Toyota,USED,Automatic,4WD,Diesel,2017,8,120885,45984,SUV, 4 Doors, 7 Seats
Toyota,USED,Automatic,Front,Hybrid,2022,4.7,14921,60999,SUV, 5 Doors, 5 Seats
Toyota,USED,Automatic,4WD,Diesel,2019,8,90619,50980,SUV, 4 Doors, 5 Seats
Toyota,USED,Automatic,4WD,Diesel,2018,9.5,135018,109990,SUV, 4 Doors, 7 Seats
Mitsubishi,USED,Automatic,Front,Unleaded,2017,6.8,108933,24990,SUV, 4 Doors, 7 Seats
Toyota,USED,Automatic,4WD,Diesel,2021,7.6,26070,63988,SUV, 4 Doors, 7 Seats
Mitsubishi,USED,Automatic,AWD,Diesel,2013,5.8,184079,18299,SUV, 4 Doors, 7 Seats
Toyota,USED,Automatic,Front,Hybrid,2020,4.7,28050,57895,SUV, 5 Doors, 5 Seats
Toyota,USED,Automatic,AWD,Unleaded,2018,8.5,79819,35999,SUV, 4 Doors, 5 Seats
Toyota,USED,Automatic,Front,Hybrid,2021,4.7,58316,46388,SUV, 5 Doors, 5 Seats
Toyota,USED,Automatic,Front,Hybrid,2021,4.7,59156,45988,SUV, 5 Doors, 5 Seats
Mitsubishi,USED,Automatic,AWD,Unleaded,2022,8.1,12289,58990,SUV, 4 Doors, 7 Seats
Mitsubishi,USED,Automatic,Front,Unleaded,2020,7.6,82195,23488,SUV, 4 Doors, 5 Seats
Toyota,USED,Automatic,AWD,Diesel,2018,8.6,36453,52480,SUV, 4 Doors, 7 Seats
Toyota,USED,Automatic,4WD,Diesel,2013,8.5,217232,42966,SUV, 4 Doors, 7 Seats
Toyota,USED,Automatic,AWD,Unleaded,2016,8.5,161125,23990,SUV, 4 Doors, 5 Seats
Mitsubishi,USED,Automatic,Front,Unleaded,2016,7.4,67496,19900,SUV, 4 Doors, 5 Seats
Toyota,USED,Automatic,4WD,Diesel,2022,8.9,9754,139990,SUV, 4 Doors, 7 Seats
Toyota,USED,Automatic,4WD,Diesel,2022,7.9,19569,89990,SUV, 4 Doors, 7 Seats
Toyota,USED,Automatic,Front,Premium,2020,6.4,29866,38989,SUV, 5 Doors, 5 Seats
Mitsubishi,USED,Automatic,AWD,Unleaded,2018,7.2,62037,28999,SUV, 4 Doors, 7 Seats
Mitsubishi,USED,Automatic,Front,Unleaded,2020,7.2,51141,28990,SUV, 4 Doors, 7 Seats
Toyota,USED,Automatic,4WD,Diesel,2018,8,164950,59990,SUV, 4 Doors, 7 Seats
Toyota,USED,Automatic,4WD,Diesel,2014,8.5,210625,39921,SUV, 4 Doors, 7 Seats
Mitsubishi,USED,Automatic,AWD,Unleaded,2019,7.2,55239,28999,SUV, 4 Doors, 7 Seats
Mitsubishi,USED,Automatic,4WD,Diesel,2019,9,66003,49999,SUV, 4 Doors, 7 Seats
Mitsubishi,USED,Automatic,4WD,Diesel,2020,8,28139,53999,SUV, 4 Doors, 7 Seats
Toyota,USED,Automatic,4WD,Diesel,2020,7.9,68369,66990,SUV, 4 Doors, 7 Seats
Mitsubishi,USED,Automatic,Front,Unleaded,2019,7.6,69694,26999,SUV, 4 Doors, 5 Seats
Toyota,USED,Automatic,Front,Unleaded,2021,6.5,25934,44888,SUV, 5 Doors, 5 Seats
Mitsubishi,USED,Automatic,Front,Unleaded,2020,7.2,67245,29977,SUV, 4 Doors, 7 Seats
Toyota,USED,Automatic,AWD,Unleaded,2018,9.5,140549,33968,SUV, 4 Doors, 7 Seats
Toyota,USED,Automatic,Front,Unleaded,2019,6.5,43872,44888,SUV, 5 Doors, 5 Seats
Toyota,USED,Automatic,4WD,Diesel,2022,7.9,22925,80988,SUV, 4 Doors, 5 Seats
Toyota,USED,Automatic,4WD,Diesel,2022,8.9,16401,159990,SUV, 4 Doors, 5 Seats
Toyota,USED,Automatic,4WD,Diesel,2014,8.5,111323,51926,SUV, 4 Doors, 7 Seats
Mitsubishi,USED,Automatic,4WD,Diesel,2016,8,76110,40888,SUV, 4 Doors, 7 Seats
Toyota,USED,Automatic,AWD,Hybrid,2021,4.8,17408,61995,SUV, 5 Doors, 5 Seats
Toyota,USED,Automatic,4WD,Diesel,2019,9.5,119535,87965,SUV, 4 Doors, 8 Seats
Toyota,USED,Automatic,4WD,Diesel,2022,7.6,9226,64989,SUV, 4 Doors, 7 Seats
Toyota,USED,Automatic,AWD,Diesel,2018,6.5,145564,27990,SUV, 4 Doors, 5 Seats
Toyota,USED,Automatic,AWD,Hybrid,2021,4.8,79572,57995,SUV, 5 Doors, 5 Seats
Toyota,USED,Automatic,4WD,Diesel,2020,8,69015,67888,SUV, 4 Doors, 7 Seats
Mitsubishi,USED,Automatic,Front,Unleaded,2019,7.6,70653,26888,SUV, 4 Doors, 5 Seats
Toyota,USED,Automatic,4WD,Diesel,2019,8,128171,60990,SUV, 4 Doors, 7 Seats
Toyota,USED,Automatic,Front,Unleaded,2016,7.4,100041,26998,SUV, 4 Doors, 5 Seats
Toyota,USED,Automatic,4WD,Diesel,2019,8,81135,67988,SUV, 4 Doors, 7 Seats
Mitsubishi,USED,Automatic,Front,Unleaded,2019,7.6,33064,31999,SUV, 4 Doors, 5 Seats
Toyota,USED,Automatic,4WD,Diesel,2022,7.9,50,79995,SUV, 4 Doors, 7 Seats
Toyota,USED,Automatic,4WD,Diesel,2020,7.6,101048,50888,SUV, 4 Doors, 7 Seats
Toyota,USED,Automatic,Front,Premium,2018,5.5,47207,35995,SUV, 4 Doors, 5 Seats
Mitsubishi,USED,Automatic,4WD,Diesel,2019,9,153853,38888,SUV, 4 Doors, 7 Seats
Toyota,USED,Automatic,4WD,Diesel,2019,9.5,69998,86999,SUV, 4 Doors, 5 Seats
Toyota,USED,Automatic,Front,Unleaded,2022,6,85,54983,SUV, 5 Doors, 5 Seats
Toyota,USED,Automatic,4WD,Diesel,2016,8,214233,36990,SUV, 4 Doors, 7 Seats
Toyota,USED,Automatic,Front,Hybrid,2020,4.7,57918,48888,SUV, 5 Doors, 5 Seats
Mitsubishi,USED,Automatic,4WD,Diesel,2016,9,95996,43990,SUV, 4 Doors, 7 Seats
Toyota,USED,Automatic,AWD,Hybrid,2022,4.8,50,68984,SUV, 5 Doors, 5 Seats
Mitsubishi,USED,Automatic,4WD,Diesel,2016,8,70523,43889,SUV, 4 Doors, 5 Seats
Toyota,USED,Automatic,4WD,Diesel,2014,8.5,225674,44990,SUV, 4 Doors, 7 Seats
Mitsubishi,USED,Automatic,Front,Unleaded,2020,7.2,51756,29990,SUV, 4 Doors, 7 Seats
Toyota,USED,Automatic,AWD,Diesel,2018,8.6,97382,56989,SUV, 4 Doors, 7 Seats
Mitsubishi,USED,Automatic,4WD,Diesel,2018,8,87355,45995,SUV, 4 Doors, 7 Seats
Toyota,USED,Automatic,Front,Unleaded,2017,9.1,75896,39900,SUV, 4 Doors, 7 Seats
Mitsubishi,USED,Automatic,Front,Unleaded,2020,7.2,37884,35988,SUV, 4 Doors, 7 Seats
Toyota,USED,Automatic,4WD,Diesel,2018,8,150395,53962,SUV, 4 Doors, 7 Seats
Mitsubishi,USED,Automatic,Front,Unleaded,2019,7.6,58746,24988,SUV, 4 Doors, 5 Seats
Mitsubishi,USED,Automatic,Front,Unleaded,2020,7.6,64991,26580,SUV, 4 Doors, 5 Seats
Mitsubishi,USED,Automatic,Front,Unleaded,2017,6.8,99756,25888,SUV, 4 Doors, 7 Seats
Toyota,USED,Automatic,AWD,Unleaded,2018,9.5,95000,37888,SUV, 4 Doors, 7 Seats
Mitsubishi,USED,Automatic,Front,Unleaded,2018,7.6,49869,24984,SUV, 4 Doors, 5 Seats
Mitsubishi,USED,Automatic,Front,Unleaded,2020,7.6,65270,26580,SUV, 4 Doors, 5 Seats
Mitsubishi,USED,Automatic,Front,Unleaded,2016,7.4,90500,20990,SUV, 4 Doors, 5 Seats
Toyota,USED,Automatic,Front,Premium,2017,6.4,81957,32989,SUV, 4 Doors, 5 Seats
Mitsubishi,USED,Automatic,AWD,Unleaded,2019,7.2,71980,29977,SUV, 4 Doors, 7 Seats
Toyota,USED,Automatic,Front,Premium,2019,5.5,65222,34994,SUV, 4 Doors, 5 Seats
Toyota,USED,Automatic,Front,Unleaded,2018,9.3,87933,41981,SUV, 4 Doors, 7 Seats
Toyota,USED,Automatic,4WD,Diesel,2017,8,95350,56760,SUV, 4 Doors, 7 Seats
Mitsubishi,USED,Automatic,AWD,Unleaded,2019,7.2,57362,28999,SUV, 4 Doors, 7 Seats
Mitsubishi,USED,Automatic,Front,Unleaded,2020,7.3,58951,27999,SUV, 4 Doors, 5 Seats
Toyota,USED,Automatic,4WD,Diesel,2021,7.9,20835,96888,SUV, 4 Doors, 7 Seats
Mitsubishi,USED,Automatic,AWD,Unleaded,2021,7.2,62184,30965,SUV, 4 Doors, 7 Seats
Toyota,USED,Automatic,Front,Unleaded,2021,6.5,61284,43989,SUV, 5 Doors, 5 Seats
Toyota,USED,Automatic,4WD,Diesel,2022,7.9,28111,75888,SUV, 4 Doors, 7 Seats
Toyota,USED,Automatic,4WD,Diesel,2017,8,129247,56993,SUV, 4 Doors, 7 Seats
Toyota,USED,Automatic,4WD,Diesel,2022,7.9,13465,88999,SUV, 4 Doors, 7 Seats
Toyota,USED,Automatic,AWD,Hybrid,2020,4.8,98884,42388,SUV, 5 Doors, 5 Seats
Toyota,USED,Automatic,Front,Hybrid,2020,4.7,52318,45999,SUV, 5 Doors, 5 Seats
Toyota,USED,Automatic,Front,Unleaded,2021,6.5,48969,47850,SUV, 5 Doors, 5 Seats
Toyota,USED,Automatic,AWD,Hybrid,2019,4.8,84555,47888,SUV, 5 Doors, 5 Seats
Toyota,USED,Automatic,AWD,Hybrid,2022,4.8,20200,62999,SUV, 5 Doors, 5 Seats
Toyota,USED,Automatic,4WD,Diesel,2022,8.9,18112,113799,SUV, 4 Doors, 7 Seats
Toyota,USED,Automatic,4WD,Diesel,2016,8,104897,58888,SUV, 4 Doors, 7 Seats
Mitsubishi,USED,Automatic,Front,Unleaded,2021,7.6,84380,22850,SUV, 4 Doors, 5 Seats
Toyota,USED,Automatic,4WD,Diesel,2013,8.5,185886,39888,SUV, 4 Doors, 7 Seats
Toyota,USED,Automatic,4WD,Diesel,2016,9.5,142048,84888,SUV, 4 Doors, 7 Seats
Mitsubishi,USED,Automatic,4WD,Diesel,2021,8,83083,50888,SUV, 4 Doors, 7 Seats
Toyota,USED,Automatic,Front,Unleaded,2014,10.2,146086,24500,SUV, 4 Doors, 7 Seats
Toyota,USED,Automatic,4WD,Diesel,2020,9.5,45210,106981,SUV, 4 Doors, 8 Seats
Mitsubishi,USED,Automatic,4WD,Diesel,2021,8,63014,53880,SUV, 4 Doors, 7 Seats
Toyota,USED,Automatic,4WD,Diesel,2017,8,34000,64999,SUV, 4 Doors, 7 Seats
Toyota,USED,Automatic,Front,Unleaded,2022,6,12267,53887,SUV, 5 Doors, 5 Seats
Toyota,USED,Automatic,Front,Hybrid,2020,4.7,496,51668,SUV, 5 Doors, 5 Seats
Mitsubishi,USED,Automatic,4WD,Diesel,2019,8,69503,46888,SUV, 4 Doors, 7 Seats
Mitsubishi,USED,Automatic,4WD,Diesel,2018,8,70300,43999,SUV, 4 Doors, 5 Seats
Mitsubishi,USED,Automatic,Front,Unleaded,2020,7.6,51851,25780,SUV, 4 Doors, 5 Seats
Mitsubishi,USED,Automatic,Front,Unleaded,2020,7.2,47041,33990,SUV, 4 Doors, 7 Seats
Mitsubishi,USED,Automatic,Front,Unleaded,2021,7.6,70788,25998,SUV, 4 Doors, 5 Seats
Mitsubishi,USED,Automatic,Front,Unleaded,2018,6.8,120449,24998,SUV, 4 Doors, 7 Seats
Mitsubishi,USED,Automatic,4WD,Diesel,2013,9,355475,13985,SUV, 4 Doors, 7 Seats
Mitsubishi,USED,Automatic,4WD,Diesel,2019,9,68300,44999,SUV, 4 Doors, 7 Seats
Mitsubishi,USED,Automatic,4WD,Diesel,2016,8,135983,37984,SUV, 4 Doors, 7 Seats
Mitsubishi,USED,Automatic,4WD,Diesel,2016,9,103026,41990,SUV, 4 Doors, 7 Seats
Mitsubishi,USED,Automatic,4WD,Diesel,2020,8,22409,53999,SUV, 4 Doors, 7 Seats
Mitsubishi,USED,Automatic,Front,Unleaded,2020,7.6,58379,27688,SUV, 4 Doors, 5 Seats
Toyota,USED,Automatic,Front,Premium,2022,8.7,21053,52995,SUV, 5 Doors, 7 Seats
Toyota,USED,Automatic,4WD,Diesel,2021,9.5,50882,124789,SUV, 4 Doors, 7 Seats
Toyota,USED,Manual,4WD,Diesel,2022,10.7,31762,92999,SUV, 4 Doors, 5 Seats
Toyota,USED,Automatic,AWD,Hybrid,2020,4.8,38573,57988,SUV, 5 Doors, 5 Seats
Mitsubishi,USED,Automatic,4WD,Diesel,2020,9.1,38478,63989,SUV, 4 Doors, 7 Seats
Toyota,USED,Automatic,4WD,Diesel,2016,9.5,111183,96926,SUV, 4 Doors, 7 Seats
Toyota,USED,Automatic,4WD,Diesel,2020,9.5,48132,131988,SUV, 4 Doors, 7 Seats
Toyota,USED,Automatic,4WD,Diesel,2021,8.9,21799,126990,SUV, 4 Doors, 7 Seats
Toyota,USED,Automatic,4WD,Diesel,2022,8.9,12213,155990,SUV, 4 Doors, 7 Seats
Mitsubishi,USED,Automatic,Front,Unleaded,2021,7.6,85836,22888,SUV, 4 Doors, 5 Seats
Toyota,USED,Manual,AWD,Diesel,2022,10.7,37843,98888,SUV, 4 Doors, 5 Seats
Mitsubishi,USED,Automatic,Front,Unleaded,2019,7.6,64001,28970,SUV, 4 Doors, 5 Seats
Toyota,USED,Automatic,AWD,Diesel,2018,6.5,40750,33999,SUV, 4 Doors, 5 Seats
Mitsubishi,USED,Automatic,Front,Unleaded,2017,6.6,30709,25992,SUV, 4 Doors, 7 Seats
Toyota,USED,Automatic,4WD,Diesel,2017,8,198241,39980,SUV, 4 Doors, 5 Seats
Toyota,USED,Automatic,4WD,Diesel,2022,7.9,27001,87999,SUV, 4 Doors, 7 Seats
Mitsubishi,USED,Automatic,Front,Unleaded,2020,7.2,28495,30990,SUV, 4 Doors, 7 Seats
Mitsubishi,USED,Automatic,4WD,Diesel,2013,9,222086,25990,SUV, 4 Doors, 7 Seats
Mitsubishi,USED,Automatic,AWD,Unleaded,2019,7.2,115918,26990,SUV, 4 Doors, 7 Seats
Mitsubishi,USED,Automatic,Front,Unleaded,2019,7.6,93786,22488,SUV, 4 Doors, 5 Seats
Mitsubishi,USED,Automatic,AWD,Unleaded,2017,7.5,89691,27990,SUV, 4 Doors, 7 Seats
Mitsubishi,USED,Automatic,Front,Unleaded,2021,7.6,50184,25290,SUV, 4 Doors, 5 Seats
Toyota,USED,Automatic,AWD,Premium,2022,8.9,19179,74955,SUV, 5 Doors, 7 Seats
Toyota,USED,Automatic,4WD,Diesel,2015,8.5,183536,48990,SUV, 4 Doors, 7 Seats
Mitsubishi,USED,Automatic,Front,Unleaded,2019,7.3,46097,29995,SUV, 4 Doors, 5 Seats
Toyota,USED,Automatic,4WD,Diesel,2015,8.5,119984,48888,SUV, 4 Doors, 7 Seats
Mitsubishi,USED,Automatic,4WD,Diesel,2016,9,152000,38980,SUV, 4 Doors, 7 Seats
Toyota,USED,Automatic,AWD,Premium,2017,5.6,63052,34990,SUV, 4 Doors, 5 Seats
Toyota,USED,Automatic,Front,Hybrid,2020,4.7,17105,54350,SUV, 5 Doors, 5 Seats
Toyota,USED,Automatic,4WD,Diesel,2017,8,77086,62984,SUV, 4 Doors, 7 Seats
Toyota,USED,Automatic,4WD,Diesel,2022,7.6,5637,65888,SUV, 4 Doors, 7 Seats
Toyota,USED,Automatic,AWD,Diesel,2019,8.6,78664,55988,SUV, 4 Doors, 7 Seats
Mitsubishi,USED,Automatic,AWD,Unleaded,2018,7.2,76261,27999,SUV, 4 Doors, 7 Seats
Toyota,USED,Automatic,4WD,Diesel,2020,9.5,59004,109990,SUV, 4 Doors, 8 Seats
Toyota,USED,Automatic,4WD,Diesel,2022,8.9,17629,115990,SUV, 4 Doors, 7 Seats
Toyota,USED,Automatic,Front,Hybrid,2021,4.3,23324,44880,SUV, 4 Doors, 5 Seats
Mitsubishi,USED,Automatic,4WD,Diesel,2014,9,190184,29870,SUV, 4 Doors, 7 Seats
Mitsubishi,USED,Automatic,Front,Unleaded,2015,6.6,134215,18994,SUV, 4 Doors, 5 Seats
Mitsubishi,USED,Automatic,AWD,Diesel,2013,5.8,121114,19488,SUV, 4 Doors, 7 Seats
Toyota,USED,Automatic,AWD,Hybrid,2021,4.8,13591,54990,SUV, 5 Doors, 5 Seats
Mitsubishi,USED,Automatic,4WD,Diesel,2019,9,73139,45888,SUV, 4 Doors, 7 Seats
Mitsubishi,USED,Automatic,Front,Unleaded,2018,6.8,93698,22000,SUV, 4 Doors, 5 Seats
Mitsubishi,USED,Automatic,Front,Unleaded,2017,7.3,233608,18888,SUV, 4 Doors, 5 Seats
Toyota,USED,Manual,4WD,Diesel,2018,7.9,117922,59990,SUV, 4 Doors, 7 Seats
Toyota,USED,Automatic,4WD,Diesel,2017,8,188940,48990,SUV, 4 Doors, 7 Seats
Toyota,USED,Automatic,Front,Unleaded,2015,7.4,82159,23888,SUV, 4 Doors, 5 Seats
Toyota,USED,Automatic,AWD,Unleaded,2014,10.6,184455,25990,SUV, 4 Doors, 7 Seats
Mitsubishi,USED,Automatic,4WD,Diesel,2013,9,305720,17950,SUV, 4 Doors, 7 Seats
Mitsubishi,USED,Automatic,4WD,Diesel,2018,8,182833,32950,SUV, 4 Doors, 5 Seats
Toyota,USED,Automatic,Front,Unleaded,2019,9.1,56460,42888,SUV, 4 Doors, 7 Seats
Mitsubishi,USED,Automatic,Front,Unleaded,2017,7.4,160013,19990,SUV, 4 Doors, 5 Seats
Mitsubishi,USED,Automatic,Front,Unleaded,2021,7.6,58908,25480,SUV, 4 Doors, 5 Seats
Mitsubishi,USED,Automatic,Front,Unleaded,2021,7.6,55949,25490,SUV, 4 Doors, 5 Seats
Toyota,USED,Automatic,4WD,Diesel,2015,8.5,252019,39990,SUV, 4 Doors, 7 Seats
Toyota,USED,Automatic,Front,Unleaded,2013,11,142072,23999,SUV, 4 Doors, 7 Seats
Toyota,USED,Automatic,Front,Unleaded,2015,10.2,120311,26990,SUV, 4 Doors, 7 Seats
Mitsubishi,USED,Automatic,Front,Unleaded,2020,7.6,33947,26400,SUV, 4 Doors, 5 Seats
Toyota,USED,Automatic,4WD,Unleaded,2013,11.6,162707,23990,SUV, 4 Doors, 7 Seats
Mitsubishi,USED,Automatic,Front,Unleaded,2021,7.6,46051,26888,SUV, 4 Doors, 5 Seats
Toyota,USED,Automatic,Front,Unleaded,2019,9.1,48459,48888,SUV, 4 Doors, 7 Seats
Mitsubishi,USED,Automatic,4WD,Diesel,2021,8,50000,49800,SUV, 4 Doors, 7 Seats
Toyota,USED,Automatic,Front,Unleaded,2019,6.5,144129,31950,SUV, 5 Doors, 5 Seats
Mitsubishi,USED,Automatic,AWD,Diesel,2015,5.8,109788,25888,SUV, 4 Doors, 7 Seats
Toyota,USED,Automatic,4WD,Diesel,2022,7.9,19289,104990,SUV, 4 Doors, 7 Seats
Mitsubishi,USED,Automatic,Front,Unleaded,2021,7.6,50000,25888,SUV, 4 Doors, 5 Seats
Toyota,USED,Automatic,4WD,Diesel,2016,8,265908,34950,SUV, 4 Doors, 7 Seats
Mitsubishi,USED,Automatic,4WD,Diesel,2014,9,220183,29995,SUV, 4 Doors, 7 Seats
Mitsubishi,USED,Automatic,Front,Unleaded,2017,6.6,54418,26990,SUV, 4 Doors, 5 Seats
Mitsubishi,USED,Automatic,Front,Unleaded,2019,7.6,46512,27990,SUV, 4 Doors, 5 Seats
Toyota,USED,Automatic,AWD,Unleaded,2019,7.3,89234,43990,SUV, 5 Doors, 5 Seats
Toyota,USED,Automatic,4WD,Diesel,2019,8,23785,64990,SUV, 4 Doors, 5 Seats
Toyota,USED,Automatic,Front,Hybrid,2022,4.8,57,54990,SUV, 5 Doors, 5 Seats
Toyota,USED,Automatic,Front,Hybrid,2021,4.7,12191,50990,SUV, 5 Doors, 5 Seats
Mitsubishi,USED,Automatic,Front,Unleaded,2019,7.3,73313,27990,SUV, 4 Doors, 5 Seats
Mitsubishi,USED,Automatic,Front,Unleaded,2016,6.6,149475,17500,SUV, 4 Doors, 5 Seats
Mitsubishi,USED,Automatic,4WD,Diesel,2015,5.8,158084,15995,SUV, 4 Doors, 5 Seats
Toyota,USED,Automatic,Front,Premium,2019,5.5,62099,31990,SUV, 4 Doors, 5 Seats
Mitsubishi,USED,Automatic,4WD,Diesel,2016,8,129668,36990,SUV, 4 Doors, 5 Seats
Toyota,USED,Automatic,AWD,Unleaded,2014,10.6,134554,26880,SUV, 4 Doors, 7 Seats
Mitsubishi,USED,Automatic,Front,Unleaded,2019,7.2,57520,29990,SUV, 4 Doors, 7 Seats
Mitsubishi,USED,Automatic,4WD,Diesel,2016,9,119446,34990,SUV, 4 Doors, 7 Seats
Mitsubishi,USED,Automatic,Front,Unleaded,2017,7.4,99995,20990,SUV, 4 Doors, 5 Seats
Toyota,USED,Automatic,AWD,Diesel,2019,8.6,128424,44500,SUV, 4 Doors, 7 Seats
Mitsubishi,USED,Automatic,Front,Unleaded,2017,6.6,138644,23990,SUV, 4 Doors, 7 Seats
Toyota,USED,Automatic,4WD,Diesel,2021,7.9,47006,88888,SUV, 4 Doors, 7 Seats
Toyota,USED,Automatic,Front,Unleaded,2016,10.2,143922,30900,SUV, 4 Doors, 7 Seats
Mitsubishi,USED,Automatic,Front,Unleaded,2019,7.6,41235,29990,SUV, 4 Doors, 5 Seats
Toyota,USED,Automatic,Front,Unleaded,2019,6.5,27600,38970,SUV, 5 Doors, 5 Seats
Mitsubishi,USED,Automatic,AWD,Unleaded,2015,7.5,128028,23480,SUV, 4 Doors, 5 Seats
Mitsubishi,USED,Automatic,AWD,Diesel,2019,6.2,12889,43990,SUV, 4 Doors, 7 Seats
Toyota,USED,Automatic,AWD,Hybrid,2021,5.6,25634,82888,SUV, 5 Doors, 7 Seats
Toyota,USED,Automatic,Front,Premium,2019,6.4,17738,40680,SUV, 5 Doors, 5 Seats
Toyota,USED,Automatic,Front,Hybrid,2020,4.7,21727,54888,SUV, 5 Doors, 5 Seats
Toyota,USED,Automatic,4WD,Diesel,2021,7.9,53448,71990,SUV, 4 Doors, 7 Seats
Mitsubishi,USED,Automatic,AWD,Unleaded,2020,7.2,60880,31990,SUV, 4 Doors, 7 Seats
Mitsubishi,USED,Automatic,AWD,Unleaded,2019,7.2,105188,26990,SUV, 4 Doors, 5 Seats
Mitsubishi,USED,Automatic,AWD,Unleaded,2022,8.1,11000,62412,SUV, 4 Doors, 7 Seats
Mitsubishi,USED,Automatic,Front,Unleaded,2013,7.7,80309,17990,SUV, 4 Doors, 5 Seats
Toyota,USED,Automatic,AWD,Unleaded,2019,9.5,23240,44990,SUV, 4 Doors, 7 Seats
Toyota,USED,Automatic,Front,Unleaded,2015,7.4,118520,24645,SUV, 4 Doors, 5 Seats
Toyota,USED,Automatic,AWD,Unleaded,2018,8.5,31371,36950,SUV, 4 Doors, 5 Seats
Mitsubishi,USED,Automatic,4WD,Diesel,2022,8,12484,62990,SUV, 4 Doors, 7 Seats
Toyota,USED,Automatic,Front,Unleaded,2018,9.1,50685,46990,SUV, 4 Doors, 7 Seats
Mitsubishi,USED,Automatic,Front,Unleaded,2022,7.3,14101,39990,SUV, 4 Doors, 5 Seats
Mitsubishi,USED,Automatic,AWD,Unleaded,2018,7.2,47392,27290,SUV, 4 Doors, 5 Seats
Mitsubishi,USED,Automatic,Front,Unleaded,2018,6.8,142169,19988,SUV, 4 Doors, 5 Seats
